interval_start_s,interval_end_s,raw_action_1,raw_action_2,raw_action_3,raw_action_4,raw_action_5,raw_action_6,raw_action_7,raw_action_8,plant_command_1,plant_command_2,plant_command_3,plant_command_4,plant_command_5,plant_command_6,plant_command_7,plant_command_8,reward,compute_ms
0.0,0.1,-0.6880756482117352,0.7430637749344002,0.46569260510333554,-0.535903323225277,-0.3482142585798264,-0.26378925557968036,-0.1905909103272589,-0.006275340025502168,-0.4128453889270411,0.4458382649606401,0.2794155630620013,-0.3215419939351662,-0.20892855514789585,-0.1582735533478082,-0.11435454619635532,-0.0037652040153013005,-4.647761063780302,0.35554599890019745
0.1,0.2,-0.2112254706882964,0.41203040757069287,-0.38926389183498206,0.16156677828258753,-0.32493229501175785,-0.1982438956606225,-0.22497619889166193,-0.00650239948729384,-0.12673528241297782,0.2472182445424157,-0.23355833510098922,0.09694006696955251,-0.1949593770070547,-0.1189463373963735,-0.13498571933499715,-0.0039014396923763035,-3.7325104378016363,0.3293740010121837
0.2,0.30000000000000004,0.03196320701149817,0.40535334039718257,-0.41433276174419525,0.0021606125974953597,-0.3429841606105033,-0.239716184645721,-0.13366035130672077,0.10971317017633181,0.019177924206898903,0.24321200423830952,-0.24859965704651715,0.0012963675584972158,-0.20579049636630198,-0.1438297107874326,-0.08019621078403245,0.06582790210579909,-2.723569986131631,0.29257399728521705
0.30000000000000004,0.4,0.11442902507253251,0.42826721988398847,-0.39975071551246316,-0.18879812266073473,-0.3504195618442985,-0.2668014282913286,-0.027658988888348484,0.1698707616897485,0.0686574150435195,0.2569603319303931,-0.23985042930747788,-0.11327887359644083,-0.2102517371065791,-0.16008085697479715,-0.01659539333300909,0.1019224570138491,-2.550114337460342,0.3766450026887469
0.4,0.5,0.1922291589939293,0.4284937427845858,-0.4049981321895706,-0.23954212728619362,-0.3501516438313599,-0.27782554783038593,0.05181971879394245,0.2009601146352249,0.11533749539635758,0.25709624567075146,-0.24299887931374234,-0.14372527637171617,-0.21009098629881592,-0.16669532869823156,0.031091831276365466,0.12057606878113493,-2.350042613982189,0.33100399741670117
0.5,0.6000000000000001,0.24064520387226165,0.4253295602596682,-0.4123443543432711,-0.26334696950845454,-0.34859918307720605,-0.28339234011608433,0.10594772296508029,0.2233119194872564,0.144387122323357,0.25519773615580094,-0.24740661260596264,-0.15800818170507272,-0.20915950984632362,-0.1700354040696506,0.06356863377904817,0.13398715169235384,-2.217394179863242,0.2998349955305457
0.6000000000000001,0.7000000000000001,0.26901868100707427,0.42397073610748454,-0.41703867008502615,-0.28015974334346333,-0.346470413435127,-0.2862977301310143,0.14323508902789447,0.24037994838302273,0.16141120860424454,0.2543824416644907,-0.25022320205101567,-0.168095846006078,-0.20788224806107622,-0.17177863807860858,0.08594105341673668,0.14422796902981364,-2.095992338744301,0.30043900187592953
0.7000000000000001,0.8,0.28688093502894474,0.42397808610593696,-0.419826191931955,-0.29319741955895656,-0.34353253825407254,-0.28725762296979296,0.1697413020469665,0.2532183402352957,0.17212856101736684,0.2543868516635622,-0.251895715159173,-0.17591845173537393,-0.2061195229524435,-0.17235457378187577,0.1018447812281799,0.1519310041411774,-1.986552535433657,0.41435800085309893
0.8,0.9,0.29922598784065135,0.4245501967191077,-0.42152384788193914,-0.3036536934921758,-0.3399371189495797,-0.28685860842042604,0.18946271098106812,0.263024556366324,0.17953559270439082,0.2547301180314646,-0.2529143087291635,-0.18219221609530548,-0.2039622713697478,-0.17211516505225563,0.11367762658864086,0.15781473381979438,-1.8886337298654485,0.3093880004598759
0.9,1.0,0.3084797899803528,0.42527146166773594,-0.4224670235851138,-0.31246000604460544,-0.3359054463051083,-0.28556642771055707,0.20478787018349454,0.2707102695681874,0.18508787398821167,0.25516287700064155,-0.25348021415106825,-0.18747600362676325,-0.201543267783065,-0.17133985662633425,0.12287272211009671,0.16242616174091243,-1.799885846327507,0.3003110032295808
1.0,1.1,0.31592307164504424,0.42592353475795747,-0.42280457357261336,-0.3202376589936604,-0.33157820215081624,-0.28370882093494226,0.2171281636272869,0.27683706767413463,0.18955384298702654,0.25555412085477447,-0.253682744143568,-0.19214259539619624,-0.19894692129048974,-0.17022529256096536,0.13027689817637214,0.16610224060448078,-1.7184292446553204,0.29637700208695605
1.1,1.2000000000000002,0.322294901948993,0.42637287770459037,-0.42264413456756866,-0.3273355403973931,-0.32704208933236856,-0.28152154326811696,0.2273597797477042,0.2817584761993509,0.1933769411693958,0.2558237266227542,-0.2535864807405412,-0.19640132423843584,-0.19622525359942114,-0.16891292596087018,0.1364158678486225,0.16905508571961053,-1.6434423180102673,0.3263710023020394
1.2000000000000002,1.3,0.32802786927633854,0.4265452289162924,-0.42207893184149525,-0.3339364909192676,-0.3223623698344425,-0.27917323106072434,0.23604489740338372,0.2857171918865042,0.19681672156580313,0.2559271373497754,-0.25324735910489715,-0.20036189455156053,-0.1934174219006655,-0.1675039386364346,0.14162693844203023,0.17143031513190252,-1.574177907868185,0.3073109983233735
1.3,1.4000000000000001,0.3333636105204919,0.42641459590491104,-0.4211891936086083,-0.3401344514626985,-0.31759503546406653,-0.2767791037959898,0.2435485715592734,0.28889038318569427,0.20001816631229513,0.2558487575429466,-0.25271351616516496,-0.20408067087761908,-0.1905570212784399,-0.16606746227759386,0.14612914293556403,0.17333422991141656,-1.509778688291102,0.3499649974401109
1.4000000000000001,1.5,0.3384254366020043,0.42598956620105805,-0.4200442040573918,-0.3459754983281051,-0.3127904421811601,-0.2744143359624387,0.2501111417782712,0.29141270939314784,0.20305526196120258,0.2555937397206348,-0.2520265224344351,-0.20758529899686304,-0.18767426530869605,-0.16464860157746322,0.15006668506696272,0.1748476256358887,-1.4496739123028493,0.2943479994428344
1.5,1.6,0.3432663574964486,0.42530025170429836,-0.4187050335410633,-0.3514792342973894,-0.30799471782274523,-0.27212571205684505,0.25589437915959257,0.2933901013995349,0.20595981449786918,0.255180151022579,-0.251223020124638,-0.21088754057843365,-0.18479683069364713,-0.163275427234107,0.15353662749575553,0.17603406083972095,-1.39319467342243,0.2881170003092848
1.6,1.7000000000000002,0.34789974418895814,0.42438848546633207,-0.4172262965762717,-0.3566510519112875,-0.30325039166652706,-0.26994025616623113,0.26101032352503684,0.29490856273614197,0.20873984651337488,0.2546330912797992,-0.250335777945763,-0.2139906311467725,-0.18195023499991622,-0.16196415369973868,0.1566061941150221,0.17694513764168518,-1.3398996661758487,0.3985980001743883
1.7000000000000002,1.8,0.3523182451260859,0.42330127257895445,-0.41565709820899366,-0.3614895363947475,-0.29859668766553077,-0.26787133991954143,0.26553928678553684,0.29603987305467017,0.21139094707565154,0.25398076354737265,-0.24939425892539618,-0.2168937218368485,-0.17915801259931846,-0.16072280395172486,0.1593235720713221,0.1776239238328021,-1.2894399163111494,0.30890499328961596
1.8,1.9000000000000001,0.356505260933145,0.4220865697573236,-0.4140415191954466,-0.3659908210462186,-0.29406946453588495,-0.2659231146363838,0.26954132334876924,0.29684526577059744,0.21390315655988698,0.25325194185439415,-0.24842491151726792,-0.21959449262773115,-0.17644167872153096,-0.15955386878183028,0.16172479400926154,0.17810715946235847,-1.24156085645635,0.3361240014783107
1.9000000000000001,2.0,0.3604415987921242,0.42079071687887437,-0.4124189685856971,-0.37015107823132465,-0.2897011101042915,-0.2640937418183137,0.27306356833711787,0.297377790640157,0.2162649592752745,0.2524744301273246,-0.24745138115141824,-0.2220906469387948,-0.1738206660625749,-0.1584562450909882,0.1638381410022707,0.1784266743840942,-1.1960964917402763,0.319033999403473
2.0,2.1,0.36410926377964653,0.41945687508171814,-0.41082447407744604,-0.3739678064807342,-0.28552025899034966,-0.2623776807390801,0.2761449431422588,0.2976838852511737,0.2184655582677879,0.25167412504903086,-0.2464946844464676,-0.2243806838884405,-0.1713121553942098,-0.15742660844344805,0.16568696588535528,0.1786103311507042,-1.1529555173405464,0.28413699328666553
2.1,2.2,0.3674933175671582,0.4181242200145576,-0.4092889092112361,-0.37744044981921926,-0.28155168930014635,-0.2607673286706682,0.2788191386592276,0.2978044978694696,0.22049599054029492,0.25087453200873455,-0.24557334552674165,-0.22646426989153154,-0.1689310135800878,-0.15646039720240093,0.16729148319553655,0.17868269872168177,-1.1121043790238114,0.32149700564332306
2.2,2.3000000000000003,0.3705832381074356,0.41682707152646753,-0.4078387006768249,-0.38057115202208297,-0.27781598047217343,-0.25925425297178956,0.2811166037846407,0.2977756810823567,0.22234994286446136,0.2500962429158805,-0.2447032204060949,-0.22834269121324977,-0.16668958828330405,-0.15555255178307373,0.16866996227078443,0.17866540864941402,-1.0735778224810841,0.28000200109090656
2.3000000000000003,2.4000000000000004,0.3733725875394203,0.41559520983596393,-0.4064964298740742,-0.3833642849155801,-0.2743296163599718,-0.2578297980358433,0.28306556635878255,0.29762935355113207,0.2240235525236522,0.24935712590157835,-0.24389785792444452,-0.23001857094934805,-0.16459776981598306,-0.15469787882150599,0.16983933981526952,0.17857761213067924,-1.0374743627244336,0.34286499430891126
2.4000000000000004,2.5,0.37585758934052654,0.4144550308538555,-0.40528209991331593,-0.38582514137244067,-0.2711055051877701,-0.25648504519880866,0.2846922663182864,0.29739416073210506,0.2255145536043159,0.24867301851231327,-0.24316925994798955,-0.2314950848234644,-0.16266330311266206,-0.15389102711928518,0.17081535979097184,0.17843649643926304,-1.0037973494358918,0.29337999876588583
2.5,2.6,0.3780384452561233,0.4134282757856114,-0.40421184040672986,-0.3879613597791305,-0.2681524548010929,-0.2552116986238289,0.28602188164104614,0.29709528991374434,0.22682306715367395,0.24805696547136685,-0.2425271042440379,-0.23277681586747828,-0.16089147288065572,-0.15312701917429736,0.1716131289846277,0.1782571739482466,-0.9727316053506687,0.3470390001893975
2.6,2.7,0.37991886895135246,0.41253222949544865,-0.4032980431771737,-0.3897826958530539,-0.26547542817893877,-0.2540022562870331,0.28707876541665894,0.29675483373246464,0.22795132137081148,0.2475193376972692,-0.2419788259063042,-0.23386961751183233,-0.15928525690736325,-0.15240135377221986,0.17224725924999537,0.17805290023947878,-0.9446364541652457,0.3396199972485192
2.7,2.8000000000000003,0.38150562273004734,0.4117799949658863,-0.40254954721665753,-0.391300766391799,-0.26307566064858645,-0.2528500508865529,0.2878864963487079,0.29639199968339885,0.2289033736380284,0.24706799697953177,-0.2415297283299945,-0.2347804598350794,-0.15784539638915188,-0.15171003053193172,0.17273189780922474,0.1778351998100393,-0.9202758563215582,0.37014800182078034
2.8000000000000003,2.9000000000000004,0.38280811905598516,0.4111807253731501,-0.4019718165076502,-0.392528848936266,-0.2609509441381907,-0.2517493482324703,0.2884679569628751,0.29602328834900904,0.2296848714335911,0.24670843522389005,-0.2411830899045901,-0.23551730936175957,-0.15657056648291443,-0.1510496089394822,0.17308077417772505,0.17761397300940543,-0.9011845480605772,0.3634429958765395
2.9000000000000004,3.0,0.3838380749498883,0.41073987096187614,-0.40156706168672995,-0.39348174139415737,-0.2590959155938623,-0.25069531742609485,0.2888453487346434,0.2956627108909798,0.23030284496993297,0.24644392257712566,-0.24094023701203796,-0.2360890448364944,-0.15545754935631736,-0.1504171904556569,0.17330720924078605,0.17739762653458788,-0.8889933869845784,0.32347499654861167
3.0,3.1,0.38460923635538363,0.41045940656068525,-0.40133443222068543,-0.39417558269179653,-0.25750231265054624,-0.24968403391598537,0.28904018364251793,0.2953218875142771,0.23076554181323017,0.24627564393641113,-0.24080065933241124,-0.2365053496150779,-0.15450138759032775,-0.14981042034959122,0.17342411018551077,0.17719313250856628,-0.8867131780334055,0.2909050017478876
3.1,3.2,0.3851370943339409,0.41033807681284445,-0.4012701771408332,-0.3946277580166401,-0.2561593512136167,-0.24871249873854442,0.2890732867712004,0.29501020399245287,0.23108225660036452,0.24620284608770665,-0.2407621062844999,-0.23677665480998403,-0.15369561072817003,-0.14922749924312664,0.17344397206272025,0.17700612239547173,-0.890310517134652,0.28875499992864206
3.2,3.3000000000000003,0.38543870458363283,0.41037164564328343,-0.40136785333735736,-0.394856763840729,-0.2550540536569809,-0.24777855257543785,0.2889647554644504,0.29473492736991064,0.2312632227501797,0.24622298738597004,-0.2408207120024144,-0.23691405830443737,-0.15303243219418855,-0.1486671315452627,0.17337885327867023,0.1768409564219464,-0.894292491915718,0.6341610060189851
3.3000000000000003,3.4000000000000004,0.3855324557432959,0.41055316614849724,-0.4016185462937182,-0.3948821010863301,-0.2541715826656228,-0.24688088088317958,0.28873396716828925,0.2945013557267367,0.23131947344597753,0.24633189968909833,-0.2409711277762309,-0.23692926065179803,-0.15250294959937366,-0.14812852852990774,0.17324038030097355,0.17670081343604202,-0.8978973294000004,0.31543899967800826
3.4000000000000004,3.5,0.3854378931734678,0.4108732654683605,-0.40201111952599167,-0.3947241371810546,-0.2534956067728102,-0.24601893546772696,0.2883995361826732,0.294312909325054,0.2312627359040807,0.24652395928101628,-0.24120667171559498,-0.23683448230863274,-0.1520973640636861,-0.14761136128063618,0.17303972170960394,0.1765877455950324,-0.9009050813996329,0.3058080037590116
3.5,3.6,0.38517553157844164,0.4113204380792508,-0.4025324910338175,-0.39440398511448405,-0.25300865549927243,-0.2451928877621716,0.28797927343782104,0.2941713280925373,0.23110531894706499,0.24679226284755046,-0.2415194946202905,-0.23664239106869042,-0.15180519329956346,-0.14711573265730296,0.1727875640626926,0.1765027968555224,-0.9031244051172587,0.3063830008613877
3.6,3.7,0.3847666544374771,0.41188136890225013,-0.40316794053886473,-0.3939433276007839,-0.25269246083726626,-0.24440355600547642,0.28749019487951805,0.2940767848462491,0.23085999266248625,0.24712882134135006,-0.24190076432331883,-0.2363659965604703,-0.15161547650235976,-0.14664213360328585,0.17249411692771083,0.17644607090774947,-0.9045001493737295,0.2983859958476387
3.7,3.8000000000000003,0.38423311066667126,0.4125412679238497,-0.40390141662645357,-0.3933642729754066,-0.25252826338632,-0.24365230068475088,0.28694841765675516,0.2940280454020849,0.23053986640000274,0.24752476075430982,-0.24234084997587213,-0.23601856378524394,-0.151516958031792,-0.14619138041085053,0.1721690505940531,0.17641682724125093,-0.9051318167619511,0.3005439939443022
3.8000000000000003,3.9000000000000004,0.38359709050492435,0.4132842177723522,-0.40471587638993883,-0.392689120218894,-0.25249716251481674,-0.24294097441930498,0.2863691784749211,0.29402266812544553,0.2301582543029546,0.2479705306634113,-0.24282952583396328,-0.2356134721313364,-0.15149829750889005,-0.14576458465158298,0.17182150708495267,0.1764136008752673,-0.9051782874464651,0.31581999792251736
3.9000000000000004,4.0,0.38288086658788845,0.4140935202529641,-0.40559365947740456,-0.3919401362335254,-0.2525803463285844,-0.24227174472252677,0.28576671629906775,0.29405715577466485,0.22972851995273305,0.24845611215177843,-0.24335619568644273,-0.23516408174011524,-0.15154820779715064,-0.14536304683351606,0.17146002977944064,0.1764342934647989,-0.90495656811746,0.3052340034628287
4.0,4.1000000000000005,0.3821065417743762,0.414952073392128,-0.4065168159600978,-0.39113932124952455,-0.2527594324409438,-0.24164701967351201,0.28515425831154917,0.2941271856273583,0.2292639250646257,0.24897124403527676,-0.24391008957605867,-0.23468359274971473,-0.15165565946456627,-0.1449882118041072,0.1710925549869295,0.17647631137641498,-0.9045823771337194,0.299667997751385
4.1000000000000005,4.2,0.38129687902288406,0.4158416889977433,-0.40746640369217907,-0.39030923488285757,-0.2530161513100046,-0.24106983136890428,0.2845443814010378,0.2942273346552347,0.22877812741373044,0.24950501339864598,-0.24447984221530744,-0.23418554092971453,-0.15180969078600276,-0.14464189882134257,0.1707266288406227,0.1765364007931408,-0.9040035766403598,0.3020349977305159
4.2,4.3,0.38047795315456523,0.41674068913795875,-0.4084198893153492,-0.3894757187861959,-0.25333122467918157,-0.24054501181820437,0.2839500638267123,0.29435014910644464,0.22828677189273913,0.25004441348277523,-0.24505193358920951,-0.23368543127171754,-0.15199873480750895,-0.1443270070909226,0.17037003829602737,0.17661008946386678,-0.9030408907428679,0.3161470012855716
4.3,4.4,0.3796736146155039,0.4176290138667049,-0.4093564252918922,-0.3886624379326054,-0.2536868353178006,-0.24007670750677915,0.28338263883500037,0.29448825988730254,0.22780416876930235,0.25057740832002295,-0.24561385517513531,-0.23319746275956324,-0.15221210119068038,-0.14404602450406748,0.1700295833010002,0.17669295593238152,-0.901600413518382,0.30668600084027275
4.4,4.5,0.37890381680187224,0.41848982294890286,-0.4102587570437717,-0.38788896849661275,-0.2540674273298973,-0.23966759529107365,0.28285119488643595,0.29463512688969484,0.22734229008112333,0.2510938937693417,-0.246155254226263,-0.23273338109796765,-0.15244045639793838,-0.14380055717464418,0.16971071693186157,0.1767810761338169,-0.8996931764941422,0.3001689983648248
4.5,4.6000000000000005,0.3781846482555968,0.419309498118736,-0.4111131854650104,-0.3871708460827788,-0.25445979112096523,-0.23931893199579807,0.2823626975130751,0.29478520193981783,0.22691078895335806,0.2515856988712416,-0.24666791127900622,-0.23230250764966726,-0.15267587467257912,-0.14359135919747884,0.16941761850784504,0.1768711211638907,-0.8973835767107916,0.6957079967833124
4.6000000000000005,4.7,0.37752851818876554,0.4200774998220613,-0.41190931996785496,-0.3865198375775885,-0.2548529056591702,-0.23903058452453702,0.28192210658585565,0.2949338921636811,0.22651711091325932,0.25204649989323674,-0.24714559198071295,-0.23191190254655308,-0.1529117433955021,-0.1434183507147222,0.1691532639515134,0.17696033529820865,-0.8947569037600378,0.3056249988730997
4.7,4.800000000000001,0.37694441995882694,0.42078610414627426,-0.41263975548507537,-0.38594424560390284,-0.2552379005208818,-0.2388013310727101,0.28153254386183707,0.29507750715174824,0.22616665197529615,0.25247166248776454,-0.2475838532910452,-0.2315665473623417,-0.15314274031252909,-0.14328079864362606,0.16891952631710225,0.17704650429104893,-0.8919690781807151,0.29480899684131145
4.800000000000001,4.9,0.3764382706026626,0.42143008068478827,-0.41329971374515123,-0.38544929924291826,-0.255607775627892,-0.23862892209712958,0.28119555226962184,0.2952131841626434,0.22586296236159756,0.25285804841087295,-0.24797982824709072,-0.23126957954575095,-0.15336466537673518,-0.14317735325827774,0.1687173313617731,0.17712791049758606,-0.8892237308804771,0.2939159967354499
4.9,5.0,0.3760132706400004,0.4220063831111681,-0.41388664932253344,-0.38503752968095767,-0.25595717254938444,-0.2385103220330077,0.2809113792199692,0.2953388748127794,0.22560796238400022,0.25320382986670087,-0.24833198959352004,-0.23102251780857458,-0.15357430352963067,-0.1431061932198046,0.16854682753198152,0.17720332488766763,-0.8863709323750465,0.29012800223426893
5.0,5.1000000000000005,0.3756702700361588,0.4225138064568984,-0.4143999459002953,-0.3847091505074435,-0.2562822355612334,-0.23844186645962917,0.2806791184566525,0.295453167755834,0.22540216202169527,0.25350828387413904,-0.24863996754017714,-0.23082549030446609,-0.15376934133674006,-0.1430651198757775,0.16840747107399148,0.1772719006535004,-0.883490633903007,0.32031600130721927
5.1000000000000005,5.2,0.3754081249973429,0.42295272297175085,-0.41484055488078486,-0.3844624224741824,-0.25658031864486947,-0.23841944461906495,0.28049685768796756,0.2955551193224647,0.22524487499840573,0.2537716337830505,-0.24890433292847092,-0.2306774534845094,-0.15394819118692168,-0.14305166677143896,0.16829811461278052,0.1773330715934788,-0.8806530700818338,0.33271900610998273
5.2,5.300000000000001,0.3752240075279987,0.4233248083004415,-0.41521074992715046,-0.3842940120167961,-0.2568498631238204,-0.23843860420358193,0.2803618789621069,0.29564423313746657,0.22513440451679922,0.2539948849802649,-0.24912644995629027,-0.23057640721007763,-0.15410991787429223,-0.14306316252214915,0.16821712737726413,0.17738653988247993,-0.8779340872640612,0.29511699540307745
5.300000000000001,5.4,0.3751137422545863,0.4236327940751313,-0.4155138449422987,-0.3841992678894931,-0.2570902324814095,-0.23849474706841856,0.2802709096037171,0.29572040512793474,0.22506824535275177,0.2541796764450788,-0.2493083069653792,-0.23051956073369584,-0.1542541394888457,-0.14309684824105112,0.16816254576223025,0.17743224307676084,-0.8753835898995663,0.28357999690342695
5.4,5.5,0.3750720553071338,0.42388028195120053,-0.41575399563791665,-0.3841725332366026,-0.2573015192963718,-0.23858315267764024,0.28022020995470304,0.2957838425627437,0.22504323318428027,0.2543281691707203,-0.24945239738275,-0.23050351994196155,-0.15438091157782308,-0.14314989160658415,0.16813212597282182,0.17747030553764623,-0.8730255043285134,0.28502899658633396
5.5,5.6000000000000005,0.37509285858419184,0.424071542288134,-0.4159360085685894,-0.38420739937792725,-0.25748446602664765,-0.2386991532702367,0.2802057719342597,0.2958350496844591,0.2250557151505151,0.2544429253728804,-0.24956160514115364,-0.23052443962675634,-0.15449067961598859,-0.143219491962142,0.16812346316055582,0.17750102981067548,-0.8709379028844646,0.28998600464547053
5.6000000000000005,5.7,0.375169453563797,0.4242113660366448,-0.4160651616431572,-0.38429691431832325,-0.2576403286866382,-0.23883813772903936,0.28022340513395544,0.2958747684696288,0.2251016721382782,0.25452681962198687,-0.24963909698589432,-0.23057814859099393,-0.15458419721198294,-0.1433028826374236,0.16813404308037325,0.17752486108177726,-0.8691597465722618,0.319838996801991
5.7,5.800000000000001,0.3752947751915374,0.4243049039983683,-0.4161470660308027,-0.3844338042571686,-0.25777075894402113,-0.2389956748830481,0.2802688691281969,0.29590392005149546,0.22517686511492244,0.25458294239902096,-0.2496882396184816,-0.23066028255430115,-0.15466245536641268,-0.14339740492982886,0.16816132147691812,0.17754235203089727,-0.8676476605564701,0.443002994870767
5.800000000000001,5.9,0.37546153636471546,0.4243575481130709,-0.4161875269092596,-0.3846106695218567,-0.2578777170616183,-0.23916748647381594,0.2803379283634141,0.29592357266738284,0.22527692181882927,0.2546145288678425,-0.24971251614555573,-0.230766401713114,-0.15472663023697095,-0.14350049188428957,0.16820275701804846,0.1775541436004297,-0.8663998455539503,0.3400089990464039
5.9,6.0,0.3756624437316991,0.4243748123877241,-0.4161924241763658,-0.3848201111324125,-0.2579634047235037,-0.23934958002152956,0.28042646312586866,0.29593493302688767,0.22539746623901946,0.25462488743263445,-0.24971545450581947,-0.23089206667944748,-0.1547780428341022,-0.14360974801291773,0.16825587787552118,0.1775609598161326,-0.8654182435893393,0.38879299972904846
6.0,6.1000000000000005,0.37589031067504114,0.42436221200348706,-0.416167603994957,-0.3850549081196839,-0.25803016970524856,-0.2395382109919597,0.2805304994189569,0.2959392664695642,0.22553418640502468,0.25461732720209224,-0.2497005623969742,-0.23103294487181034,-0.15481810182314912,-0.14372292659517583,0.16831829965137415,0.17756355988173853,-0.8647261107449201,0.3082690018345602
6.1000000000000005,6.2,0.37613819255191644,0.42432518160512794,-0.4161187877733257,-0.38530813018274634,-0.25808043859560553,-0.23972994579186624,0.2806462866182718,0.29593788124111325,0.22568291553114986,0.25459510896307674,-0.2496712726639954,-0.2311848781096478,-0.1548482631573633,-0.14383796747511973,0.16838777197096308,0.17756272874466794,-0.8642880433514314,0.29950300086056814
6.2,6.300000000000001,0.37639952364148416,0.4242689723625671,-0.4160514688658511,-0.3855732274130862,-0.25811666537779476,-0.23992167514142834,0.280770331168481,0.29593209968993056,0.2258397141848905,0.25456138341754025,-0.24963088131951064,-0.2313439364478517,-0.15486999922667685,-0.143953005084857,0.16846219870108858,0.17755925981395834,-0.8640645892111493,0.3404300005058758
6.300000000000001,6.4,0.37666816288609234,0.4241985919965281,-0.4159708477658885,-0.38584415141917033,-0.25814126658095654,-0.24011062606998942,0.28089942581687444,0.2959232183767779,0.22600089773165538,0.25451915519791685,-0.24958250865953308,-0.23150649085150218,-0.15488475994857392,-0.14406637564199365,0.16853965549012465,0.17755393102606673,-0.8640233964076272,0.32494100014446303
6.4,6.5,0.3769385272441454,0.4241187073924908,-0.4158817611004189,-0.38611539589987304,-0.2581565874742838,-0.24029437252720962,0.28103066457485915,0.2959124863187356,0.22616311634648723,0.25447122443549447,-0.24952905666025132,-0.2316692375399238,-0.1548939524845703,-0.14417662351632576,0.1686183987449155,0.17754749179124138,-0.864132550898842,0.31781199504621327
6.5,6.6000000000000005,0.3772056035604237,0.42403362389181987,-0.415788620876736,-0.3863820607809564,-0.2581648385287674,-0.24047085200657153,0.28116150480098057,0.29590107104783103,0.2263233621362542,0.2544201743350919,-0.2494731725260416,-0.2318292364685738,-0.15489890311726046,-0.14428251120394292,0.16869690288058833,0.17754064262869862,-0.8643597964718286,0.314990000333637
6.6000000000000005,6.7,0.37746499973342124,0.42394721277182684,-0.41569537696013814,-0.3866398911152382,-0.2581680774268366,-0.24063835090730148,0.2812897201407509,0.29589004051399026,0.22647899984005274,0.2543683276630961,-0.24941722617608286,-0.2319839346691429,-0.15490084645610197,-0.14438301054438088,0.16877383208445051,0.17753402430839416,-0.8646745723430084,0.34297400270588696
6.7,6.800000000000001,0.3777129966205426,0.4238628821124662,-0.4156054836891646,-0.3868852949077586,-0.2581681808595342,-0.24079549549893664,0.281413418559936,0.29588035703404436,0.22662779797232555,0.2543177292674797,-0.24936329021349876,-0.23213117694465513,-0.1549009085157205,-0.14447729729936198,0.1688480511359616,0.1775282142204266,-0.8650492835302773,0.32644699967931956
6.800000000000001,6.9,0.3779465136547529,0.42378356001483064,-0.4155218762532228,-0.3871153405067703,-0.2581668180280379,-0.24094124737241637,0.2815310658296205,0.2958728477095921,0.22676790819285172,0.25427013600889836,-0.24931312575193365,-0.23226920430406217,-0.15490009081682274,-0.14456474842344982,0.1689186394977723,0.17752370862575526,-0.8654609313624574,0.31782199948793277
6.9,7.0,0.378163140360996,0.4237116770176631,-0.4154469696561576,-0.3873277577593106,-0.25816543586532475,-0.24107491049837537,0.28164145231263304,0.29586819631664496,0.2268978842165976,0.25422700621059785,-0.24926818179369456,-0.23239665465558634,-0.15489926151919484,-0.14464494629902522,0.1689848713875798,0.17752091778998697,-0.8658869440752015,0.3652520026662387
7.0,7.1000000000000005,0.37836108875752444,0.42364917350576414,-0.4153826561468104,-0.3875209149186193,-0.25816525754256286,-0.24119606381854866,0.28174366936423795,0.295866944762271,0.22701665325451464,0.2541895041034585,-0.24922959368808623,-0.23251254895117157,-0.1548991545255377,-0.14471763829112919,0.16904620161854275,0.17752016685736258,-0.8663105173999325,0.3517439981806092
7.1000000000000005,7.2,0.37853917904634066,0.42359751520477634,-0.4153303189702101,-0.38769377457919174,-0.25816728123429944,-0.2413045695119424,0.28183710784948657,0.29586949165903287,0.22712350742780438,0.2541585091228658,-0.24919819138212607,-0.23261626474751504,-0.15490036874057966,-0.14478274170716543,0.16910226470969195,0.17752169499541973,-0.8667219456311309,0.30373000481631607
7.2,7.300000000000001,0.37869679930211003,0.42355768677683353,-0.41529087527228326,-0.3878458464068834,-0.2581722820841757,-0.24140055198189056,0.2819214294805108,0.2958760927246345,0.227218079581266,0.2541346120661001,-0.24917452516336994,-0.23270750784413002,-0.1549033692505054,-0.14484033118913434,0.16915285768830648,0.1775256556347807,-0.8671092334758065,0.30137500289129093
7.300000000000001,7.4,0.3788338273214007,0.4235302716591818,-0.4152647779276704,-0.3879771661909626,-0.25818081872168896,-0.24148434097600185,0.2819965307112369,0.2958868653915472,0.2273002963928404,0.25411816299550904,-0.24915886675660223,-0.23278629971457757,-0.15490849123301337,-0.1448906045856011,0.16919791842674214,0.17753211923492832,-0.8674633252798932,0.4044470042572357
7.4,7.5,0.37895062738511304,0.4235154367993235,-0.41525210037486127,-0.388088189302654,-0.2581932558054858,-0.24155647095661445,0.28206251805686117,0.29590180524341775,0.2273703764310678,0.2541092620795941,-0.24915126022491674,-0.23285291358159238,-0.15491595348329149,-0.14493388257396866,0.1692375108341167,0.17754108314605063,-0.867778725372984,0.3697020001709461
7.5,7.6000000000000005,0.3790479361331275,0.42351301060427304,-0.4152525425336495,-0.3881797666396307,-0.25820977362989656,-0.24161763896801733,0.2821197028118241,0.2959207907300235,0.22742876167987647,0.2541078063625638,-0.2491515255201897,-0.23290785998377841,-0.15492586417793794,-0.1449705833808104,0.16927182168709445,0.17755247443801409,-0.8680522816528693,0.31080299959285185
7.6000000000000005,7.7,0.3791268259603016,0.4235225182381699,-0.4152655020127582,-0.3882530685766226,-0.2582303961518651,-0.24166864143208175,0.2821685155156816,0.2959436135684462,0.22747609557618095,0.2541135109429019,-0.2491593012076549,-0.23295184114597356,-0.15493823769111906,-0.14500118485924904,0.16930110930940898,0.1775661681410677,-0.8682989721641502,0.30370500462595373
7.7,7.800000000000001,0.37918863746910164,0.4235432306155501,-0.41529012561824236,-0.38830952004067937,-0.25825500763573755,-0.2417104042323232,0.2822095382394882,0.29596997479998843,0.22751318248146096,0.25412593836933006,-0.2491740753709454,-0.2329857120244076,-0.15495300458144254,-0.14502624253939392,0.1693257229436929,0.17758198487999305,-0.8685015434772774,0.3085650023422204
7.800000000000001,7.9,0.3792349125251462,0.4235742143327769,-0.4153253540707979,-0.38835072300695933,-0.25828337063286555,-0.24174389020766912,0.2822434205994324,0.2959995070685852,0.2275409475150877,0.25414452859966613,-0.24919521244247872,-0.23301043380417558,-0.15497002237971932,-0.14504633412460147,0.16934605235965944,0.1775997042411511,-0.8686578578630063,0.33531899680383503
7.9,8.0,0.3792673462163061,0.4236143779146334,-0.41536998708800826,-0.388378427379577,-0.2583151491501324,-0.2417701287001453,0.28227090427458945,0.2960317825807042,0.22756040772978364,0.25416862674878005,-0.24922199225280495,-0.23302705642774618,-0.15498908949007942,-0.14506207722008718,0.16936254256475367,0.1776190695484225,-0.8687684713215064,0.3239559955545701
8.0,8.1,0.3792877128685499,0.42366252152453593,-0.415422717590462,-0.3883944467599464,-0.2583499526964661,-0.24179013955523512,0.28229275093282014,0.2960663728706566,0.22757262772112993,0.25419751291472154,-0.24925363055427718,-0.23303666805596782,-0.15500997161787966,-0.14507408373314107,0.1693756505596921,0.17763982372239398,-0.8688343806438953,0.36119300057180226
8.1,8.200000000000001,0.37929782010744556,0.42371738863479486,-0.41548218227764966,-0.3884006198104786,-0.2583873321848978,-0.2418049318159139,0.2823097365999048,0.29610280435173064,0.22757869206446732,0.2542304331808769,-0.24928930936658977,-0.23304037188628712,-0.15503239931093868,-0.14508295908954832,0.16938584195994288,0.17766168261103837,-0.8688569629588038,0.34127999970223755
8.200000000000001,8.3,0.37929946955798827,0.4237776851808897,-0.41554700528125704,-0.38839876147307156,-0.25842679128122636,-0.24181549263440383,0.28232264660832135,0.2961405885469932,0.22757968173479295,0.2542666111085338,-0.2493282031687542,-0.23303925688384292,-0.1550560747687358,-0.1450892955806423,0.1693935879649928,0.17768435312819592,-0.8688394773781155,0.3561589983291924
8.3,8.4,0.37929441113011436,0.42384213380587826,-0.41561583736433205,-0.38839062618247466,-0.25846784956287955,-0.24182276053252613,0.2823322408056343,0.2961792800714267,0.2275766466780686,0.25430528028352695,-0.24936950241859923,-0.2330343757094848,-0.15508070973772772,-0.14509365631951568,0.16939934448338057,0.177707568042856,-0.8687902635227985,0.3226329936296679
8.4,8.5,0.37928430898774784,0.4239095006261341,-0.41568737142247886,-0.3883778760094278,-0.25851000736806246,-0.24182760163029254,0.2823392345706084,0.2962184167622047,0.22757058539264868,0.25434570037568044,-0.2494124228534873,-0.23302672560565668,-0.15510600442083747,-0.14509656097817553,0.16940354074236502,0.1777310500573228,-0.8687030043233771,0.368076995073352
8.5,8.6,0.37927071840384274,0.42397860463821835,-0.41576038437171625,-0.388362048725839,-0.2585527795628451,-0.24183081559273664,0.2823443013396182,0.2962575776553512,0.22756243104230564,0.254387162782931,-0.24945623062302974,-0.2330172292355034,-0.15513166773770706,-0.14509848935564199,0.1694065808037709,0.17775454659321072,-0.8685796686669505,0.31825699988985434
8.6,8.700000000000001,0.37925505765176704,0.4240483628794039,-0.4158337529654883,-0.38834454416098496,-0.2585957306185637,-0.24183311976947075,0.28234805553856734,0.2962963850164482,0.22755303459106022,0.2544290177276423,-0.24950025177929297,-0.23300672649659096,-0.15515743837113824,-0.14509987186168244,0.1694088333231404,0.17777783100986894,-0.8684240041615596,0.31957800092641264
8.700000000000001,8.8,0.3792385960375759,0.4241177922272857,-0.41590646275631105,-0.3883266064556392,-0.25863841893471634,-0.24183514448801707,0.2823510471758493,0.2963344690351044,0.22754315762254554,0.2544706753363714,-0.2495438776537866,-0.2329959638733835,-0.1551830513608298,-0.14510108669281024,0.16941062830550957,0.17780068142106265,-0.8682400384667572,0.2929379988927394
8.8,8.9,0.3792224449825903,0.4241860146669994,-0.415977617408174,-0.3883093147648193,-0.25868049828103556,-0.2418374347914251,0.28235376081774993,0.2963715486781992,0.22753346698955415,0.25451160880019963,-0.2495865704449044,-0.23298558885889156,-0.15520829896862134,-0.14510246087485507,0.16941225649064995,0.17782292920691953,-0.8680321333980293,0.2975570023409091
8.9,9.0,0.3792075519719853,0.4242522737873502,-0.416046459449239,-0.38829357897774797,-0.25872161646763353,-0.2418404391338061,0.2823566044929387,0.2964073480703424,0.22752453118319116,0.2545513642724101,-0.2496278756695434,-0.23297614738664876,-0.1552329698805801,-0.14510426348028366,0.16941396269576323,0.17784440884220545,-0.8678046677471349,0.3734989950316958
9.0,9.1,0.3791946957119006,0.4243159435733989,-0.41611235744933134,-0.3882801468773398,-0.2587614969546797,-0.2418445253693138,0.2823599221601873,0.29644164826561126,0.22751681742714036,0.2545895661440393,-0.24966741446959878,-0.23296808812640388,-0.15525689817280783,-0.14510671522158827,0.16941595329611236,0.17786498895936675,-0.8675620828546325,0.3254490002291277
9.1,9.200000000000001,0.3791844985150487,0.4243765064202748,-0.41617480303179044,-0.38826960477832234,-0.2587999245553937,-0.24184997632775343,0.28236398794990925,0.29647429809388526,0.2275106991090292,0.2546259038521649,-0.24970488181907424,-0.23296176286699338,-0.15527995473323622,-0.14510998579665205,0.16941839276994555,0.17788457885633116,-0.8673086802625934,0.3507979999994859
9.200000000000001,9.3,0.3791774311536826,0.42443357060364434,-0.4162334227431328,-0.3882623816246065,-0.25883668994265274,-0.24185699305026148,0.2823690081697649,0.2965051601838927,0.22750645869220953,0.2546601423621866,-0.24974005364587967,-0.2329574289747639,-0.15530201396559165,-0.1451141958301569,0.16942140490185895,0.17790309611033564,-0.8670484926394637,0.2917480014730245
9.3,9.4,0.379173815151093,0.4244868588120021,-0.4162879570491658,-0.38825876430259526,-0.25887168498782387,-0.24186571074602306,0.2823751335099587,0.296534154507776,0.2275042890906558,0.25469211528720126,-0.24977277422949948,-0.23295525858155713,-0.15532301099269433,-0.14511942644761383,0.1694250801059752,0.1779204927046656,-0.8667853181873413,0.2886280053644441
9.4,9.5,0.37917383951587286,0.42453619176149754,-0.41633825001348646,-0.38825890724977585,-0.25890481974032525,-0.24187619358412543,0.2823824543437458,0.29656124812444457,0.2275043037095237,0.2547217150568985,-0.24980295000809186,-0.2329553443498655,-0.15534289184419514,-0.14512571615047526,0.1694294726062475,0.17793674887466673,-0.8665226507963182,0.2821240050252527
9.5,9.600000000000001,0.37917757333698127,0.4245814974735062,-0.416384257852164,-0.38826284656942855,-0.25893603208485144,-0.24188844656487532,0.28239101008980966,0.29658642802078367,0.22750654400218875,0.2547488984841037,-0.2498305547112984,-0.23295770794165713,-0.15536161925091085,-0.1451330679389252,0.1694346060538858,0.1779518568124702,-0.8662691764930924,0.28407599893398583
9.600000000000001,9.700000000000001,0.3791849792342469,0.4246227812431792,-0.4164260131989566,-0.38827051515445654,-0.2589653356885285,-0.2419024281145185,0.28240079946083985,0.2966097246267671,0.2275109875405481,0.2547736687459075,-0.24985560791937395,-0.2329623090926739,-0.1553792014131171,-0.1451414568687111,0.1694404796765039,0.17796583477606026,-0.8660214641697445,0.29775900475215167
9.700000000000001,9.8,0.37919592890714776,0.42466012931187663,-0.4164636346370035,-0.388281756911893,-0.25899275351824885,-0.2419180453122597,0.2824117756739441,0.29663118770151764,0.22751755734428863,0.25479607758712597,-0.2498781807822021,-0.23296905414713578,-0.1553956521109493,-0.1451508271873558,0.16944706540436646,0.17797871262091058,-0.8657813915055176,0.29863799863960594
9.8,9.9,0.37921021366429075,0.42469369646284333,-0.41649730607442564,-0.3882963429672718,-0.25901833774525945,-0.24193518669230382,0.2824238736486649,0.29665090263813154,0.22752612819857443,0.254816217877706,-0.2498983836446554,-0.23297780578036306,-0.15541100264715565,-0.1451611120153823,0.16945432418919892,0.17799054158287891,-0.8655504410870329,0.322043000778649
9.9,10.0,0.3792275682859823,0.4247236794908524,-0.4165272548506085,-0.3883139806541505,-0.25904217961291437,-0.2419536986389637,0.28243699030671937,0.2966689704677472,0.22753654097158937,0.2548342076945114,-0.24991635291036507,-0.2329883883924903,-0.15542530776774863,-0.14517221918337822,0.1694621941840316,0.17800138228064832,-0.8653296316389337,0.285479000012856
10.0,10.100000000000001,0.37924767854312563,0.4247503323255674,-0.4165537645246189,-0.3883343409861442,-0.25906437862667436,-0.24197340650070154,0.28245100295829045,0.2966854997394985,0.22754860712587538,0.2548501993953404,-0.24993225871477132,-0.23300060459168653,-0.15543862717600462,-0.14518404390042092,0.16947060177497428,0.1780112998436991,-0.8651196109556523,0.38523499824805185
10.100000000000001,10.200000000000001,0.3792701947427501,0.4247739373146048,-0.4165771430920128,-0.3883570623953363,-0.25908505713113905,-0.24199413026536504,0.2824657822710287,0.29670061904051115,0.22756211684565003,0.25486436238876287,-0.24994628585520767,-0.23301423743720176,-0.15545103427868343,-0.14519647815921902,0.1694794693626172,0.17802037142430668,-0.8649206696796221,0.29596199601655826
10.200000000000001,10.3,0.37929474653401024,0.42479479711093127,-0.4165977198385597,-0.38838176257765455,-0.2591043458232788,-0.2420156729696479,0.2824811872045564,0.2967144587268769,0.22757684792040614,0.25487687826655875,-0.2499586319031358,-0.23302905754659273,-0.15546260749396726,-0.14520940378178873,0.16948871232273383,0.17802867523612614,-0.8647327525477,0.30371399770956486
10.3,10.4,0.37932094666736554,0.4248132251121389,-0.41661583104827515,-0.38840805005166684,-0.2591223833299469,-0.2420378478370211,0.2824970742050788,0.2967271651796396,0.22759256800041933,0.25488793506728336,-0.2499694986289651,-0.2330448300310001,-0.15547342999796815,-0.14522270870221266,0.16949824452304726,0.17803629910778376,-0.8645555417716291,0.3382479990250431
10.4,10.5,0.37934841975205297,0.4248295455231758,-0.41663182545150473,-0.38843553452103907,-0.2591393125394912,-0.24206045997311623,0.28251328661957625,0.29673887278092226,0.22760905185123176,0.2548977273139055,-0.24997909527090284,-0.23306132071262342,-0.1554835875236947,-0.14523627598386973,0.16950797197174575,0.17804332366855335,-0.8643884773691591,0.2910450057242997
10.5,10.600000000000001,0.3793767931087851,0.4248440817077378,-0.41664603985779863,-0.3884638490960547,-0.25915527516578324,-0.24208332791959467,0.2825296888111078,0.29674971869648253,0.22762607586527103,0.25490644902464266,-0.24998762391467916,-0.2330783094576328,-0.15549316509946995,-0.1452499967517568,0.16951781328666468,0.1780498312178895,-0.8642308327979744,0.29387899849098176
10.600000000000001,10.700000000000001,0.3794057099980839,0.42485714417664144,-0.41665880162440044,-0.38849263714964577,-0.2591704119266203,-0.24210627627376813,0.2825461474707942,0.29675983703084746,0.22764342599885032,0.25491428650598486,-0.24999528097464024,-0.23309558228978744,-0.1555022471559722,-0.14526376576426087,0.1695276884824765,0.17805590221850848,-0.8640817170547326,0.3093840059591457
10.700000000000001,10.8,0.37943483320456445,0.4248690290057125,-0.41667042113133945,-0.38852156070708277,-0.25918485673809094,-0.24212913962437865,0.2825625360123467,0.2967693540225978,0.22766089992273866,0.2549214174034275,-0.25000225267880366,-0.23311293642424966,-0.15551091404285455,-0.14527748377462718,0.169537521607408,0.17806161241355867,-0.8639401348593959,0.3454239995335229
10.8,10.9,0.3794638651817916,0.4248800142199799,-0.4166811861689332,-0.38855032336920986,-0.2591987347548003,-0.24215177752123124,0.2825787379798649,0.29677838665220985,0.22767831910907493,0.25492800853198794,-0.2500087117013599,-0.2331301940215259,-0.1555192408528802,-0.14529106651273874,0.1695472427879189,0.1780670319913259,-0.8638050586710695,0.3265710038249381
10.9,11.0,0.379492531992218,0.4248903557969169,-0.4166913588292835,-0.3885786599378616,-0.2592121592093865,-0.24217406143379205,0.28259465149392027,0.2967870444428375,0.2276955191953308,0.25493421347815015,-0.2500148152975701,-0.23314719596271696,-0.1555272955256319,-0.14530443686027522,0.16955679089635214,0.1780722266657025,-0.863675412736188,0.34709499595919624
11.0,11.100000000000001,0.3795205889841275,0.4249002832803472,-0.4167011744861382,-0.3886063351583604,-0.25922524386080437,-0.24219588152578062,0.2826101850025089,0.29679542768866973,0.2277123533904765,0.2549401699682083,-0.2500207046916829,-0.23316380109501622,-0.1555351463164826,-0.14531752891546837,0.16956611100150534,0.17807725661320184,-0.8635501301045101,0.35033899621339515
11.100000000000001,11.200000000000001,0.3795478388068036,0.42490999607448476,-0.4167108384159185,-0.38863314758648476,-0.2592380804769257,-0.2422171375131423,0.28262526589932374,0.29680361881744005,0.22772870328408215,0.25494599764469084,-0.2500265030495511,-0.23317988855189084,-0.15554284828615542,-0.14533028250788538,0.16957515953959423,0.17808217129046403,-0.8634281664326081,0.29599000117741525
11.200000000000001,11.3,0.3795741149232712,0.42491967359134974,-0.41672052704633017,-0.3886589462499187,-0.25925075021757793,-0.24223776319577525,0.2826398388457848,0.2968116913921947,0.22774446895396272,0.25495180415480984,-0.2500323162277981,-0.2331953677499512,-0.15555045013054675,-0.14534265791746515,0.1695839033074709,0.17808701483531683,-0.8633085602777858,0.44680700375465676
11.3,11.4,0.37959928670459625,0.42492946183015934,-0.41673038681425106,-0.38868360691070697,-0.25926332550618486,-0.2422577034860937,0.28265385819292377,0.2968197123852428,0.22775957202275773,0.2549576770980956,-0.25003823208855064,-0.23321016414642418,-0.15555799530371092,-0.14535462209165623,0.16959231491575424,0.17809182743114568,-0.8631903901538123,0.29991100018378347
11.4,11.5,0.37962325094564464,0.42493947921323727,-0.4167405345234034,-0.38870703830546516,-0.25927586348470727,-0.24227691725751016,0.28266729074621244,0.29682773302678817,0.22777395056738678,0.25496368752794235,-0.25004432071404203,-0.23322422298327908,-0.15556551809082436,-0.1453661503545061,0.16960037444772746,0.1780966398160729,-0.8630728070373784,0.2974599992739968
11.5,11.600000000000001,0.37964595259321937,0.42494981647126,-0.4167510596253891,-0.38872918111615967,-0.2592884088385148,-0.24229537817634925,0.28268011536447596,0.29683579322774745,0.2277875715559316,0.254969889882756,-0.25005063577523345,-0.23323750866969578,-0.15557304530310886,-0.14537722690580954,0.16960806921868557,0.17810147593664846,-0.86295507013346,0.2903790009440854
11.600000000000001,11.700000000000001,0.3796673563539913,0.42496054208813344,-0.41676202189740996,-0.3887500165374782,-0.2593009963412896,-0.2423130740235471,0.28269232683107953,0.29684392404340226,0.22780041381239477,0.25497632525288005,-0.250057213138446,-0.2332500099224869,-0.15558059780477376,-0.14538784441412825,0.1696153960986477,0.17810635442604136,-0.8628365296678221,0.2929920010501519
11.700000000000001,11.8,0.37968745711813756,0.4249716983888539,-0.4167734595623837,-0.38876954502262207,-0.25931364633617493,-0.24233001808123966,0.2827039314882069,0.29685214640123786,0.22781247427088253,0.25498301903331233,-0.2500640757374302,-0.23326172701357323,-0.15558818780170494,-0.1453980108487438,0.16962235889292412,0.1781112878407427,-0.8627166327873693,0.2848860021913424
11.8,11.9,0.3797062722086463,0.4249833066088826,-0.41678538862238806,-0.38878779141162023,-0.25932637903402994,-0.24234622764980923,0.2827149404229404,0.2968604729658093,0.22782376332518775,0.25498998396532957,-0.2500712331734328,-0.23327267484697212,-0.15559582742041797,-0.14540773658988554,0.16962896425376423,0.17811628377948557,-0.8625949188804259,0.32362400088459253
11.9,12.0,0.3797238408569384,0.4249953688784301,-0.416797805817046,-0.3888047998480437,-0.2593391975073201,-0.24236172689332272,0.2827253763587546,0.2968689056172904,0.22783430451416303,0.25499722132705804,-0.2500786834902276,-0.23328287990882624,-0.15560351850439205,-0.14541703613599363,0.16963522581525275,0.17812134337037425,-0.8624710164138262,0.287378003122285
12.0,12.100000000000001,0.3797402251518538,0.4250078691663753,-0.41681068795199583,-0.3888206319200787,-0.25935209915184043,-0.24237654772520087,0.2827352656188386,0.29687744121915605,0.22784413509111226,0.25500472149982517,-0.2500864127711975,-0.2332923791520472,-0.15561125949110424,-0.14542592863512052,0.16964115937130317,0.17812646473149363,-0.8623446510085363,0.29727299988735467
12.100000000000001,12.200000000000001,0.3797554965771973,0.4250207816528757,-0.4168240018925068,-0.3888353695694208,-0.25936507447565893,-0.24239073113229728,0.28274464210524597,0.2968860705161077,0.22785329794631837,0.2550124689917254,-0.2500944011355041,-0.23330122174165246,-0.15561904468539536,-0.14543443867937836,0.16964678526314758,0.17813164230966463,-0.8622156420393847,0.31433499680133536
12.200000000000001,12.3,0.3797697393390119,0.42503406806243116,-0.4168377030982441,-0.38884909997275596,-0.25937811093975416,-0.24240432325018482,0.28275354531849967,0.2968947813356674,0.22786184360340714,0.2550204408374587,-0.25010262185894644,-0.23330945998365357,-0.1556268665638525,-0.1454425939501109,0.1696521271910998,0.17813686880140042,-0.8620838837421314,0.3354600048623979
12.3,12.4,0.3797830459105222,0.42504767988543185,-0.41685173780827894,-0.3888619177110823,-0.25939119111814424,-0.24241737273817482,0.28276201660536343,0.2969035556515986,0.2278698275463133,0.2550286079312591,-0.25011104268496737,-0.23331715062664937,-0.15563471467088655,-0.1454504236429049,0.16965720996321806,0.17814213339095916,-0.8619493386427517,0.312363998091314
12.4,12.5,0.3797955136721771,0.4250615624184513,-0.4168660458271811,-0.3888739222585942,-0.2594042928286098,-0.2424299354683107,0.2827700986263005,0.29691237335192733,0.22787730820330626,0.25503693745107076,-0.25011962749630867,-0.2333243533551565,-0.15564257569716586,-0.14545796128098643,0.16966205917578028,0.17814742401115638,-0.8618120396733141,0.3264210026827641
12.5,12.600000000000001,0.37980724029787033,0.425075656765852,-0.4168805630975977,-0.38888521501504725,-0.25941739213024406,-0.24244206138648722,0.282777832289224,0.2969212155263647,0.2278843441787222,0.2550453940595112,-0.2501283378585586,-0.23333112900902833,-0.15565043527814643,-0.14546523683189233,0.16966669937353437,0.1781527293158188,-0.8616720695945588,0.34152300213463604
12.600000000000001,12.700000000000001,0.37981832739918225,0.4250899012688966,-0.41689522438310433,-0.3888958963590425,-0.2594304679702604,-0.24245380103193845,0.28278525900240614,0.2969300592746662,0.22789099643950933,0.25505394076133797,-0.2501371346298626,-0.2333375378154255,-0.15565828078215624,-0.14547228061916306,0.16967115540144367,0.17815803556479973,-0.861529567887678,0.491142003738787
12.700000000000001,12.8,0.3798288740635797,0.42510423338680103,-0.4169099613154214,-0.3889060629348413,-0.2594434936062478,-0.2424652049746975,0.2827924204261086,0.296938880000731,0.2278973244381478,0.2550625400320806,-0.2501459767892528,-0.23334363776090478,-0.15566609616374869,-0.1454791229848185,0.16967545225566513,0.17816332800043858,-0.861384705566828,0.4282390000298619
12.8,12.9,0.3798389738479331,0.4251185917765991,-0.4169247112650685,-0.388915809665444,-0.2594564429019493,-0.24247632092642257,0.28279935593595973,0.29694765378200916,0.22790338430875984,0.25507115506595945,-0.2501548267590411,-0.23334948579926637,-0.15567386574116956,-0.14548579255585353,0.16967961356157582,0.17816859226920548,-0.8612376924256897,0.42095199751202017
12.9,13.0,0.379848714553739,0.42513292204562303,-0.41693941450957916,-0.3889252262096813,-0.2594692925227934,-0.24248719411597472,0.28280610055163313,0.2969563591913582,0.22790922873224337,0.2550797532273738,-0.2501636487057475,-0.23335513572580877,-0.15568157551367603,-0.14549231646958483,0.16968366033097987,0.17817381551481493,-0.8610887634291357,0.3001610020874068
13.0,13.100000000000001,0.37985817867627364,0.42514716950649206,-0.4169540154352276,-0.3889343926122531,-0.25948202229258827,-0.24249786818364344,0.28281269236151885,0.29696497752443785,0.22791490720576418,0.25508830170389524,-0.25017240926113654,-0.23336063556735184,-0.15568921337555294,-0.14549872091018606,0.1696876154169113,0.1781789865146627,-0.8609381712244949,0.29709999944316223
13.100000000000001,13.200000000000001,0.3798674407318452,0.4251612844901445,-0.416968463181859,-0.3889433815527748,-0.25949461202136437,-0.24250837566243708,0.2828191609377805,0.29697349002917245,0.2279204644391071,0.2550967706940867,-0.25018107790911537,-0.23336602893166486,-0.1556967672128186,-0.14550502539746224,0.16969149656266827,0.17818409401750346,-0.8607861645092172,0.30657299794256687
13.200000000000001,13.3,0.37987656682409104,0.42517522285706677,-0.41698271253963815,-0.38895225751853846,-0.2595070413825479,-0.24251875371074502,0.28282553447324343,0.29698188026734784,0.2279259400944546,0.25510513371424004,-0.2501896275237829,-0.23337135451112306,-0.15570422482952873,-0.145511252226447,0.16969532068394605,0.1781891281604087,-0.8606330070302838,0.33725800312822685
13.3,13.4,0.37988561449735775,0.4251889462621339,-0.4169967246030116,-0.3889610762471329,-0.25951929714624034,-0.24252903106308593,0.282831835498343,0.2969901349560244,0.22793136869841463,0.25511336775728033,-0.25019803476180696,-0.2333766457482797,-0.1557115782877442,-0.14551741863785156,0.1696991012990058,0.17819408097361464,-0.8604789551000684,0.32724899938330054
13.4,13.5,0.3798946326220568,0.425202421775348,-0.4170104642532586,-0.3889698846111444,-0.259531368781288,-0.24253923141327058,0.2828380831814435,0.2969982421204556,0.22793677957323408,0.2551214530652088,-0.25020627855195515,-0.23338193076668662,-0.15571882126877282,-0.14552353884796235,0.16970284990886608,0.17819894527227337,-0.8603242532425885,0.344221007253509
13.5,13.600000000000001,0.37990366097463507,0.42521562068569907,-0.41702390840205883,-0.38897872016858365,-0.25954324406477874,-0.24254937462630763,0.2828442937289486,0.2970061881820367,0.22794219658478104,0.2551293724114194,-0.2502143450412353,-0.23338723210115017,-0.15572594643886725,-0.14552962477578457,0.16970657623736915,0.17820371290922202,-0.8601691331447849,0.33406299917260185
13.600000000000001,13.700000000000001,0.3799127300823826,0.4252285266822668,-0.41703703801477693,-0.38898761350338606,-0.2595549169144545,-0.2425594770628217,0.28285048057890794,0.29701396905526084,0.22794763804942952,0.25513711600936007,-0.25022222280886613,-0.23339256810203163,-0.1557329501486727,-0.145535686237693,0.16971028834734475,0.1782083814331565,-0.8600138222479616,0.4418700045789592
13.700000000000001,13.8,0.3799218659699357,0.4252411251415927,-0.41704984042209126,-0.38899658595347686,-0.25956638336501503,-0.24256955119032703,0.28285665378503183,0.29702158138921125,0.2279531195819614,0.2551446750849556,-0.25022990425325475,-0.2333979515720861,-0.155739830019009,-0.1455417307141962,0.1697139922710191,0.17821294883352676,-0.8598585203528211,0.2869119998649694
13.8,13.9,0.3799310848330694,0.4252534076866932,-0.41706230807605793,-0.3890056505659886,-0.2595776410067282,-0.24257960614263585,0.2828628205761728,0.29702902255459057,0.22795865089984163,0.2551520446120159,-0.25023738484563474,-0.23340339033959318,-0.15574658460403693,-0.1455477636855815,0.16971769234570366,0.17821741353275433,-0.8597034043630047,0.28626299899769947
13.9,14.0,0.3799403958619826,0.4252653714052432,-0.41707443856919296,-0.38901481629504486,-0.2595886896774743,-0.24258964687911144,0.282868984719172,0.2970362919654489,0.22796423751718953,0.2551592228431459,-0.2502446631415158,-0.2334088897770269,-0.15575321380648458,-0.14555378812746686,0.1697213908315032,0.17822177517926932,-0.8595486312555625,0.31112899887375534
14.0,14.100000000000001,0.37994980278370777,0.42527701754440456,-0.41708623492302543,-0.3890240858668921,-0.2595995318186681,-0.24259967611991504,0.28287514815664544,0.29704339137209873,0.22796988167022464,0.25516621052664273,-0.25025174095381525,-0.23341445152013524,-0.15575971909120084,-0.145559805671949,0.16972508889398727,0.17822603482325924,-0.8593943367965359,0.29274199914652854
14.100000000000001,14.200000000000001,0.37995930421301183,0.42528835132983095,-0.4170977046484926,-0.38903345558369556,-0.2596101677044382,-0.24260969032646224,0.2828813108806136,0.2970503241625371,0.22797558252780709,0.25517301079789856,-0.25025862278909555,-0.23342007335021733,-0.1557661006226629,-0.14556581419587733,0.16972878652836815,0.17823019449752228,-0.859240627606995,0.291805001324974
14.200000000000001,14.3,0.3799688939285905,0.42529938189842587,-0.4171088563240438,-0.3890429176703025,-0.25962060935666936,-0.2426196935493467,0.28288747243734963,0.2970570967236165,0.22798133635715429,0.2551796291390555,-0.2502653137944263,-0.23342575060218151,-0.15577236561400162,-0.145571816129608,0.16973248346240977,0.1782342580341699,-0.8590876047522232,0.29689999792026356
14.3,14.4,0.3799785625383862,0.42531011842566313,-0.41711970638925827,-0.38905246018583484,-0.2596308609370429,-0.24262967930240253,0.28289362686123803,0.29706371220369143,0.2279871375230317,0.25518607105539787,-0.25027182383355495,-0.2334314761115009,-0.15577851656222574,-0.1455778075814415,0.16973617611674283,0.17823822732221486,-0.858935324313095,0.3083459960180335
14.4,14.5,0.37998829575420107,0.4253205793863759,-0.41713027090753085,-0.38906207012822763,-0.2596409302676457,-0.24263964215735995,0.282899769521468,0.2970701773799019,0.22799297745252062,0.2551923476318255,-0.2502781625445185,-0.23343724207693656,-0.1557845581605874,-0.14558378529441596,0.1697398617128808,0.1782421064279411,-0.8587838405452279,0.29003099916735664
14.5,14.600000000000001,0.37999807851301026,0.4253307813518075,-0.41714056841861424,-0.38907173091345826,-0.25965082785939503,-0.24264957648672894,0.28290589333800137,0.2970765013114281,0.22799884710780616,0.2551984688110845,-0.25028434105116854,-0.23344303854807494,-0.15579049671563702,-0.14558974589203735,0.16974353600280082,0.17824590078685684,-0.8586331833624774,0.3259799996158108
14.600000000000001,14.700000000000001,0.3800078918158438,0.4253407421427141,-0.4171506186493851,-0.38908142468032114,-0.2596605636347313,-0.242659476558765,0.2829119955143465,0.2970826925369216,0.22800473508950628,0.25520444528562847,-0.25029037118963104,-0.23344885480819266,-0.15579633818083877,-0.14559568593525898,0.16974719730860788,0.17824961552215296,-0.858483366667827,0.2929719994426705
14.700000000000001,14.8,0.38001772038685594,0.42535048008257675,-0.4171604424098132,-0.3890911325718828,-0.2596701470181342,-0.24266933291236828,0.2829180680224032,0.29708875918181715,0.22801063223211354,0.25521028804954604,-0.2502962654458879,-0.23345467954312968,-0.1558020882108805,-0.14560159974742096,0.1697508408134419,0.1782532555090903,-0.8583343867610674,0.27830799808725715
14.8,14.9,0.38002754631932395,0.425360014789488,-0.41717005985052735,-0.3891008362331971,-0.25967958860127743,-0.2426791383546986,0.2829241047596421,0.29709471045225216,0.22801652779159437,0.2552160088736928,-0.2503020359103164,-0.23346050173991822,-0.15580775316076645,-0.14560748301281914,0.16975446285578524,0.17825682627135128,-0.8581862326162075,0.27281099755782634
14.9,15.0,0.38003735131011845,0.42536936585007457,-0.41717949102281987,-0.38911051547873726,-0.2596888985498384,-0.24268888577804568,0.282930099664295,0.2971005549514152,0.22802241078607105,0.25522161951004474,-0.2503076946136919,-0.23346630928724235,-0.15581333912990303,-0.1456133314668274,0.169758059798577,0.17826033297084912,-0.8580388782190198,0.2867640068870969
15.0,15.100000000000001,0.3800471174899583,0.42537855271172204,-0.4171887551986518,-0.38912015611689055,-0.2596980865620007,-0.2426985673669226,0.28293604611230316,0.2971062994182598,0.22802827049397495,0.2552271316270332,-0.25031325311919106,-0.23347209367013433,-0.15581885193720044,-0.14561914042015356,0.1697616276673819,0.17826377965095586,-0.8578922906875162,0.34420200245222077
15.100000000000001,15.200000000000001,0.38005682915336503,0.4253875929685535,-0.4171978719253205,-0.3891297411549372,-0.25970716078537154,-0.24270817415246523,0.2829419393602876,0.29711195537462143,0.228034097492019,0.2552325557811321,-0.25031872315519227,-0.23347784469296232,-0.15582429647122292,-0.14562490449147913,0.16976516361617255,0.17826717322477284,-0.8577464315277654,0.3002539961016737
15.200000000000001,15.3,0.38006647145940753,0.42539650362678744,-0.41720685739522045,-0.38913925545800404,-0.2597161328938202,-0.2427177048203369,0.2829477756373622,0.2971175308197568,0.2280398828756445,0.25523790217607245,-0.25032411443713226,-0.2334835532748024,-0.1558296797362921,-0.14563062289220213,0.1697686653824173,0.17827051849185407,-0.8576012613306723,0.29436900513246655
15.3,15.4,0.3800760314015164,0.42540529894885754,-0.4172157299139522,-0.38914868521674684,-0.2597250098835836,-0.24272715292774552,0.282953548889302,0.2971230311059186,0.22804561884090985,0.2552431793693145,-0.2503294379483713,-0.23348921113004809,-0.15583500593015015,-0.1456362917566473,0.1697721293335812,0.17827381866355116,-0.8574567271362117,0.30049599445192143
15.4,15.5,0.38008549642183137,0.4254139947882447,-0.41722450450045434,-0.38915801954067936,-0.25973379919635003,-0.24273651368552424,0.2829592552024144,0.2971284628431421,0.2280512978530988,0.2552483968729468,-0.2503347027002726,-0.2334948117244076,-0.15584027951781002,-0.14564190821131454,0.16977555312144862,0.17827707770588525,-0.8573127836476925,0.2915920049417764
15.5,15.600000000000001,0.3800948562721646,0.42542260543412175,-0.41723319447153484,-0.38916724884253057,-0.25974250860732145,-0.242745783814535,0.2829648919191979,0.2971338328972876,0.22805691376329876,0.25525356326047305,-0.2503399166829209,-0.23350034930551833,-0.15584550516439286,-0.145647470288721,0.16977893515151873,0.17828029973837256,-0.8571693846608827,0.32861500221770257
15.600000000000001,15.700000000000001,0.38010410187080224,0.42543114223618395,-0.417241811903199,-0.38917636494548224,-0.259751144906601,-0.2427549606859665,0.28297045686909605,0.2971391472164816,0.22806246112248132,0.25525868534171037,-0.2503450871419194,-0.23350581896728934,-0.1558506869439606,-0.1456529764115799,0.16978227412145763,0.17828348832988897,-0.8570264819992994,0.28273700445424765
15.700000000000001,15.8,0.38011322710220596,0.4254396148903885,-0.4172503672577876,-0.3891853615592308,-0.25975971354679395,-0.24276404199088938,0.28297594815232946,0.2971444105889689,0.22806793626132357,0.2552637689342331,-0.2503502203546725,-0.23351121693553845,-0.15585582812807636,-0.14565842519453362,0.16978556889139768,0.17828664635338135,-0.8568840307782741,0.3121819972875528
15.8,15.9,0.38012222918778793,0.4254480317938327,-0.41725886906706405,-0.38919423454106106,-0.25976821935681776,-0.24277302664857314,0.2829813649348404,0.2971496272783068,0.22807333751267275,0.2552688190762996,-0.2503553214402384,-0.23351654072463662,-0.15586093161409065,-0.14566381598914388,0.16978881896090423,0.17828977636698407,-0.8567419920004449,0.3645960023277439
15.9,16.0,0.3801311049341657,0.42545640031646154,-0.41726732380575554,-0.38920298105998,-0.25977666663688015,-0.24278191501461124,0.28298670757820116,0.29715480106009406,0.2280786629604994,0.2552738401898769,-0.2503603942834533,-0.233521788635988,-0.15586599998212808,-0.14566914900876674,0.1697920245469207,0.17829288063605644,-0.8566003282750502,0.3289870001026429
16.0,16.1,0.3801398529086417,0.4254647263004332,-0.4172757365766802,-0.3892115998892392,-0.2597850586586222,-0.24279070734565672,0.28299197634287565,0.29715993480423597,0.22808391174518503,0.2552788357802599,-0.2503654419460081,-0.2335269599335435,-0.15587103519517334,-0.14567442440739403,0.1697951858057254,0.17829596088254157,-0.8564590053608429,0.3267979991505854
16.1,16.2,0.38014847331084195,0.4254730141362056,-0.4172841111885186,-0.3892200936207886,-0.2597933981371063,-0.24279940450802007,0.28299717203078717,0.29716503091825963,0.22808908398650515,0.25528380848172333,-0.25037046671311114,-0.23353205617247313,-0.15587603888226376,-0.14567964270481204,0.1697983032184723,0.17829901855095578,-0.8563179958895119,0.32409299456048757
16.2,16.3,0.38015696826999307,0.42548126637756173,-0.4172924507618422,-0.3892284637746813,-0.259801686813251,-0.2428080055908891,0.2830022958063238,0.297170091520023,0.22809418096199582,0.25528875982653704,-0.2503754704571053,-0.23353707826480877,-0.1558810120879506,-0.14568480335453346,0.16980137748379429,0.17830205491201379,-0.8561772736605239,0.3298070005257614
16.3,16.400000000000002,0.38016534073330316,0.4254894847776966,-0.4173007567521852,-0.38923671336702054,-0.2598099248439403,-0.24281651829569276,0.28300735131959276,0.2971751182592532,0.22809920443998188,0.25529369086661796,-0.2503804540513111,-0.23354202802021232,-0.15588595490636417,-0.14568991097741565,0.16980441079175565,0.1783050709555519,-0.8560368251041011,0.3937209985451773
16.400000000000002,16.5,0.3801735945522081,0.42549767019926865,-0.4173090279751756,-0.38924484644850016,-0.25981811658226156,-0.242824944149888,0.2830123405819291,0.2971801124967965,0.22810415673132486,0.2552986021195612,-0.25038541678510534,-0.2335469078691001,-0.15589086994935694,-0.1456949664899328,0.16980740434915745,0.1783080674980779,-0.8558966336959775,0.3009709980688058
16.5,16.6,0.38018173486079343,0.42550582081840715,-0.41731726669425206,-0.38925286737030274,-0.2598262609966333,-0.24283328453089084,0.28301726482689427,0.29718507339279826,0.22810904091647605,0.2553034924910443,-0.25039036001655124,-0.23355172042218164,-0.15589575659797997,-0.1456999707185345,0.16981035889613655,0.17831104403567896,-0.8557566867005353,0.3730989992618561
16.6,16.7,0.3801897659461759,0.4255139377818902,-0.41732547116002605,-0.38926078246341705,-0.259834358621602,-0.24284154301403757,0.2830221272479366,0.2971900015398959,0.22811385956770552,0.2553083626691341,-0.25039528269601563,-0.23355646947805023,-0.1559006151729612,-0.14570492580842254,0.16981327634876195,0.17831400092393754,-0.8556169822029258,0.3230799993616529
16.7,16.8,0.38019769355073113,0.4255220204374049,-0.41733363994228817,-0.38926859748265674,-0.2598424099931026,-0.2428497232827708,0.28302693104999027,0.29719489745526,0.22811861613043866,0.2553132122624429,-0.2504001839653729,-0.23356115848959402,-0.15590544599586156,-0.14570983396966247,0.16981615862999416,0.178316938473156,-0.8554775189272772,0.2995469985762611
16.8,16.900000000000002,0.38020552234837324,0.4255300668383654,-0.41734177135462597,-0.3892763182483269,-0.259850415163619,-0.24285782885422358,0.28303167924660766,0.29719976119093156,0.22812331340902392,0.25531804010301923,-0.2504050628127756,-0.23356579094899615,-0.1559102490981714,-0.14571469731253414,0.16981900754796458,0.17831985671455894,-0.8553382968657808,0.29903900576755404
16.900000000000002,17.0,0.3802132600797422,0.42553807453836534,-0.4173498635534879,-0.3892839506322571,-0.2598583735758508,-0.2428658626936922,0.2830363743893684,0.29720459059286103,0.2281279560478453,0.2553228447230192,-0.25040991813209273,-0.23357037037935427,-0.15591502414551048,-0.14571951761621532,0.16982182463362103,0.17832275435571662,-0.8551993206367473,0.37366600008681417
17.0,17.1,0.3802209134785183,0.42554604149427994,-0.4173579138797384,-0.38929150114480193,-0.2598662859404042,-0.24287382873977684,0.28304101989267394,0.2972093879327,0.22813254808711095,0.25532762489656796,-0.25041474832784305,-0.23357490068688114,-0.1559197715642425,-0.1457242972438661,0.16982461193560436,0.17832563275962002,-0.8550606027764451,0.30561799940187484
17.1,17.2,0.38022848839592355,0.42555396562934084,-0.417365919568589,-0.38929897618061376,-0.25987415084591803,-0.24288173053800957,0.28304561875199463,0.2972141520433821,0.2281370930375541,0.2553323793776045,-0.2504195517411534,-0.23357938570836825,-0.1559244905075508,-0.14572903832280573,0.16982737125119676,0.17832849122602926,-0.8549221500998816,0.33322799572488293
17.2,17.3,0.38023599073747955,0.42556184464327373,-0.4173738781151723,-0.38930637981588617,-0.25988196740809316,-0.24288957150236135,0.28305017387905695,0.29721888215337583,0.22814159444248772,0.2553371067859642,-0.2504243268691034,-0.2335838278895317,-0.1559291804448559,-0.1457337429014168,0.16983010432743417,0.1783313292920255,-0.8547839736063276,0.33659799373708665
17.3,17.400000000000002,0.3802434257725839,0.4255696766925533,-0.41738178672403825,-0.38931371973531675,-0.2598897348986059,-0.2428973541680032,0.283054687453655,0.2972235776443986,0.22814605546355032,0.25534180601553197,-0.25042907203442294,-0.23358823184119004,-0.15593384093916354,-0.1457384125008019,0.16983281247219298,0.17833414658663915,-0.8546460871768434,0.3433330057305284
17.400000000000002,17.5,0.3802507991705911,0.42557745933875263,-0.4173896434955459,-0.38932100111525614,-0.25989745308657897,-0.24290507990042667,0.28305916240248835,0.29722823831509154,0.22815047950235467,0.2553464756032516,-0.2504337860973275,-0.23359260066915366,-0.15593847185194737,-0.145743047940256,0.169835497441493,0.17833694298905492,-0.8545085044720783,0.30698999762535095
17.5,17.6,0.3802581160305608,0.4255851904729195,-0.41739744659809086,-0.38932822857145966,-0.2599051195634535,-0.24291275370589516,0.28306360200990566,0.2972328637052565,0.22815486961833648,0.2553511142837517,-0.2504384679588545,-0.23359693714287577,-0.15594307173807212,-0.14574765222353708,0.1698381612059434,0.1783397182231539,-0.8543712411150639,0.3015730035258457
17.6,17.7,0.3802653808061374,0.4255928684060075,-0.41740519291752914,-0.3893354064569387,-0.2599127358940145,-0.242920378743091,0.2830680078493795,0.2972374540728792,0.22815922848368245,0.2553557210436045,-0.2504431157505175,-0.2336012438741632,-0.1559476415364087,-0.1457522272458546,0.1698408047096277,0.17834247244372753,-0.8542343119315591,0.3325239958940074
17.7,17.8,0.38027259784912115,0.4256004913248336,-0.4174128821245869,-0.3893425382729158,-0.25992030196270505,-0.24292795612732188,0.28307238079497055,0.29724200837165365,0.2281635587094727,0.25536029479490013,-0.2504477292747521,-0.23360552296374948,-0.15595218117762302,-0.14575677367639311,0.16984342847698233,0.1783452050229922,-0.8540977297350633,0.32969300082186237
17.8,17.900000000000002,0.3802797704548983,0.42560805660822,-0.4174205136393162,-0.3893496275616348,-0.25992781728838943,-0.24293548796910083,0.2830767226864058,0.2972465262180726,0.22816786227293898,0.255364833964932,-0.2504523081835897,-0.2336097765369809,-0.15595669037303364,-0.1457612927814605,0.1698460336118435,0.17834791573084358,-0.8539615090583506,0.4535139960353263
17.900000000000002,18.0,0.38028690082167466,0.42561556603943906,-0.4174280860712365,-0.3893566779102733,-0.2599352815415815,-0.2429429760279035,0.28308103506426346,0.29725100736090687,0.22817214049300477,0.2553693396236634,-0.2504568516427419,-0.23361400674616395,-0.1559611689249489,-0.14576578561674208,0.16984862103855808,0.17835060441654413,-0.8538256642781671,0.3959840032621287
18.0,18.1,0.3802939918835243,0.42562301871445823,-0.4174355993608246,-0.3893636912411585,-0.2599426955213841,-0.24295042206400438,0.28308531943279575,0.29725545249087787,0.22817639513011456,0.2553738112286749,-0.25046135961649474,-0.23361821474469507,-0.15596561731283046,-0.14577025323840262,0.16985119165967744,0.1783532714945267,-0.853690208317995,0.30029300251044333
18.1,18.2,0.38030104556370825,0.4256304142478903,-0.41744305348814914,-0.3893706693248181,-0.25995005954021966,-0.2429578272401715,0.28308957674603685,0.29725986184023473,0.22818062733822495,0.25537824854873414,-0.2504658320928895,-0.23362240159489087,-0.1559700357241318,-0.1457746963441029,0.1698537460476221,0.17835591710414084,-0.8535551515625811,0.30035000236239284
18.2,18.3,0.3803080621287525,0.4256377526247547,-0.4174504486339847,-0.3893776136320112,-0.25995737387331724,-0.24296519246787668,0.28309380775422566,0.2972642356195495,0.2281848372772515,0.2553826515748528,-0.25047026918039084,-0.23362656817920668,-0.15597442432399033,-0.145779115480726,0.16985628465253538,0.1783585413717297,-0.8534205030121736,0.3163760047755204
18.3,18.400000000000002,0.38031504507085445,0.42564503381780444,-0.4174577855118687,-0.3893845250260233,-0.2599646388195897,-0.24297251816099,0.28309801280672475,0.2972685740832558,0.22818902704251265,0.25538702029068266,-0.2504746713071212,-0.23363071501561394,-0.15597878329175383,-0.145783510896594,0.16985880768403486,0.17836114444995346,-0.8532862736297203,0.33317100314889103
18.400000000000002,18.5,0.38032199486763696,0.4256522587346713,-0.4174650643740127,-0.38939140470221484,-0.25997185518379046,-0.2429798056194343,0.2831021921674633,0.29727287791107737,0.22819319692058215,0.25539135524080275,-0.2504790386244076,-0.2336348428213289,-0.15598311311027427,-0.14578788337166057,0.16986131530047796,0.1783637267466464,-0.8531524715155373,0.33459599944762886
18.5,18.6,0.3803289119683615,0.425659428244417,-0.4174722859933133,-0.38939825322250454,-0.2599790235845034,-0.24298705595187214,0.28310634683909597,0.29727714760783136,0.2281973471810169,0.2553956569466502,-0.250483371595988,-0.2336389519335027,-0.15598741415070205,-0.14579223357112328,0.16986380810345758,0.1783662885646988,-0.853019103636908,0.39803599793231115
18.6,18.7,0.38033579668923806,0.42566654328280357,-0.4174794514652222,-0.3894050692799,-0.2599861446605372,-0.24299426948415037,0.2831104778214235,0.29728138369740625,0.22820147801354282,0.25539992596968214,-0.2504876708791333,-0.23364304156793997,-0.15599168679632233,-0.1457965616904902,0.1698662866928541,0.17836883021844374,-0.85288617439322,0.3219330028514378
18.7,18.8,0.3803426487777152,0.42567360529416326,-0.41748656168609455,-0.3894118542235174,-0.25999321905914874,-0.243001444871868,0.2831145844567878,0.2972855867313767,0.2282055892666291,0.25540416317649794,-0.25049193701165673,-0.2336471125341104,-0.15599593143548923,-0.1458008669231208,0.16986875067407267,0.17837135203882604,-0.8527536870363533,0.4525760014075786
18.8,18.900000000000002,0.3803494683152374,0.42568061533889806,-0.4174936181852595,-0.38941860815475104,-0.26000024781345304,-0.2430085811579282,0.2831186673729331,0.29728975766412363,0.22820968098914243,0.2554083692033388,-0.25049617091115567,-0.23365116489285062,-0.15600014868807183,-0.14580514869475691,0.16987120042375986,0.17837385459847419,-0.8526216454782961,0.32198100234381855
18.900000000000002,19.0,0.38035625522803806,0.4256875745591569,-0.41750062242378067,-0.38942533050568195,-0.26000722935230786,-0.24301568201195534,0.2831227275704728,0.2972938972101951,0.22821375313682282,0.25541254473549413,-0.2505003734542684,-0.23365519830340917,-0.1560043376113847,-0.1458094092071732,0.16987363654228368,0.17837633832611707,-0.8524900529333328,0.3235219992347993
19.0,19.1,0.3803630091770424,0.4256944843128809,-0.4175075744583134,-0.3894320207534447,-0.26001416836282315,-0.24302274637558538,0.2831267639558598,0.29729800693137814,0.22821780550622545,0.25541669058772853,-0.250504544674988,-0.2336592124520668,-0.1560085010176939,-0.14581364782535122,0.16987605837351585,0.17837880415882687,-0.8523589100230093,0.344852996931877
19.1,19.200000000000003,0.38036973009539227,0.4257013454092602,-0.417514477967417,-0.38943867795490994,-0.26002106410974996,-0.24302977354560593,0.28313077591612096,0.29730208541353986,0.22822183805723534,0.2554208072455561,-0.2505086867804502,-0.23366320677294594,-0.15601263846584998,-0.14581786412736356,0.16987846554967256,0.1783812512481239,-0.8522282145860853,0.3882669989252463
19.200000000000003,19.3,0.38037641689711704,0.425708158752559,-0.41752133404110575,-0.3894453020443998,-0.2600279182712628,-0.24303676405636782,0.2831347639706885,0.2973061342140341,0.2282258501382702,0.2554248952515354,-0.25051280042466345,-0.23366718122663988,-0.1560167509627577,-0.14582205843382068,0.1698808583824131,0.17838368052842046,-0.8520979687578392,0.3637019981397316
19.3,19.400000000000002,0.3803830685432072,0.42571492770693103,-0.41752814390313664,-0.389451892836187,-0.26003473155249934,-0.2430437177268635,0.28313872798228945,0.29731015469211186,0.22822984112592432,0.2554289566241586,-0.25051688634188196,-0.23367113570171216,-0.1560208389314996,-0.1458262306361181,0.16988323678937367,0.1783860928152671,-0.851968171263785,0.41935499757528305
19.400000000000002,19.5,0.38038968487096986,0.4257216533631061,-0.4175349094481412,-0.38945844932783596,-0.26004150485694333,-0.2430506346587066,0.283142668034174,0.2973141476264679,0.2282338109225819,0.2554329920178636,-0.2505209456688847,-0.23367506959670156,-0.15602490291416599,-0.14583038079522395,0.16988560082050438,0.17838848857588074,-0.8518388196834604,0.32329999521607533
19.5,19.6,0.3803962654917221,0.42572833700169677,-0.4175416322427325,-0.38946497086147247,-0.26004823905009544,-0.24305751484358934,0.2831465841013894,0.29731811374946937,0.22823775929503326,0.25543700220101806,-0.2505249793456395,-0.23367898251688346,-0.15602894343005727,-0.1458345089061536,0.16988795046083363,0.17839086824968162,-0.8517099116542752,0.28712199855362996
19.6,19.700000000000003,0.3804028090919606,0.42573497997741166,-0.41754831365250794,-0.3894714569895348,-0.2600549349739282,-0.24306435826666903,0.2831504761508988,0.29732205377075144,0.22824168545517637,0.255440987986447,-0.25052898819150476,-0.23368287419372086,-0.1560329609843569,-0.14583861496000142,0.16989028569053927,0.17839323226245085,-0.8515814438465517,0.2891530020860955
19.700000000000003,19.8,0.380409315252764,0.42574158338082146,-0.4175549551547427,-0.3894779071678683,-0.2600615933467954,-0.24307116468855866,0.28315434396673456,0.2973259683015513,0.22824558915165838,0.2554449500284929,-0.2505329730928456,-0.23368674430072095,-0.15603695600807724,-0.1458426988131352,0.16989260638004072,0.17839558098093075,-0.8514534132509457,0.2953869989141822
19.8,19.900000000000002,0.3804157849239085,0.4257481482970304,-0.41756155804025097,-0.38948432104555414,-0.2600682149297594,-0.24307793410439552,0.28315818754196825,0.2973298579981026,0.22824947095434509,0.2554488889782182,-0.25053693482415057,-0.23369059262733247,-0.15604092895785562,-0.1458467604626373,0.16989491252518094,0.17839791479886155,-0.8513258183177356,0.31769400084158406
19.900000000000002,20.0,0.3804222175748941,0.42575467607779355,-0.4175681231533956,-0.3894906986862881,-0.2600748005663621,-0.2430846670213587,0.28316200728720886,0.29733372356875604,0.22825333054493643,0.2554528056466761,-0.25054087389203733,-0.23369441921177286,-0.15604488033981725,-0.1458508002128152,0.1698972043723253,0.1784002341412536,-0.8511986562149587,0.31459800084121525
20.0,20.1,0.380428612990062,0.42576116778571815,-0.41757465146909556,-0.389497039999703,-0.26008135087282513,-0.2430913636040975,0.2831658033041403,0.2973375655099255,0.22825716779403718,0.2554567006714309,-0.2505447908814573,-0.23369822399982176,-0.15604881052369507,-0.1458548181624585,0.1698994819824842,0.17840253930595532,-0.8510719233561085,0.2933180003310554
20.1,20.200000000000003,0.38043497113387886,0.42576762431537807,-0.4175811439442402,-0.38950334393917846,-0.2600878664569994,-0.24309802399516592,0.28316957568239776,0.29734138431726254,0.2282609826803273,0.25546057458922683,-0.2505486863665441,-0.23370200636350708,-0.15605271987419964,-0.14585881439709955,0.16990174540943864,0.17840483059035753,-0.8509456161149791,0.30081600561970845
20.200000000000003,20.3,0.38044129183546543,0.4257740467042124,-0.41758760119543253,-0.38950961093923725,-0.2600943478009307,-0.24310464619455566,0.283173324305683,0.2973451803921161,0.22826477510127924,0.25546442802252745,-0.2505525607172595,-0.23370576656354233,-0.15605660868055843,-0.1458627877167334,0.1699039945834098,0.17840710823526965,-0.8508197302837897,0.29975699726492167
20.3,20.400000000000002,0.3804475752420257,0.42578043568260304,-0.41759402395065454,-0.38951584201729533,-0.2601007952466069,-0.24311123262567533,0.2831770502133558,0.29734895421256397,0.2282685451452154,0.2554682614095618,-0.2505564143703927,-0.2337095052103772,-0.15606047714796414,-0.1458667395754052,0.16990623012801348,0.17840937252753838,-0.8506942664880949,0.417559000197798
20.400000000000002,20.5,0.38045382181414317,0.42578679165118716,-0.41760041296635686,-0.38952203712843464,-0.26010720746230004,-0.24311778420306338,0.2831807533992297,0.29735270617635223,0.2282722930884859,0.2554720749907123,-0.2505602477798141,-0.23371322227706076,-0.15606432447738003,-0.14587067052183803,0.16990845203953783,0.17841162370581135,-0.8505692195926191,0.3056839996133931
20.5,20.6,0.380460031905593,0.42579311509557205,-0.41760676740282215,-0.3895281964816299,-0.2601135881693211,-0.24312430076109334,0.28318443358505857,0.2973564374444142,0.2282760191433558,0.2554758690573432,-0.25056406044169327,-0.23371691788897792,-0.15606815290159268,-0.145874580456656,0.16991066015103515,0.1784138624666485,-0.8504445886723697,0.30156200227793306
20.6,20.700000000000003,0.38046620626156297,0.42579940620149137,-0.4176130897411928,-0.389534320031911,-0.26011993622399254,-0.2431307821724296,0.28318809064807526,0.2973601470131767,0.22827972375693778,0.2554796437208948,-0.2505678538447157,-0.2337205920191466,-0.15607196173439553,-0.14587846930345774,0.16991285438884515,0.17841608820790603,-0.8503203699360765,0.2993769958266057
20.700000000000003,20.8,0.3804723448605132,0.4258056642794755,-0.4176193800141695,-0.3895404085707054,-0.26012625232449677,-0.2431372292939135,0.2831917253556681,0.29736383551979706,0.22828340691630788,0.2554833985676853,-0.2505716280085017,-0.2337242451424232,-0.15607575139469806,-0.14588233757634808,0.16991503521340087,0.17841830131187822,-0.8501965626098539,0.2993399975821376
20.8,20.900000000000002,0.38047844756933175,0.4258118915482495,-0.41762563815155723,-0.38954646304584944,-0.2601325364206889,-0.24314364231532104,0.2831953378790146,0.29736750292919445,0.22828706854159903,0.2554871349289497,-0.25057538289093434,-0.23372787782750964,-0.15607952185241333,-0.14588618538919262,0.16991720272740873,0.17842050175751667,-0.8500731646769856,0.28575199394254014
20.900000000000002,21.0,0.38048451518876425,0.4258180881627416,-0.41763186477310693,-0.38955248356920014,-0.26013878926962036,-0.2431500217829849,0.2831989286868102,0.29737114989822333,0.22829070911325855,0.25549085289764495,-0.25057911886386414,-0.23373149014152006,-0.1560832735617722,-0.14589001306979094,0.1699193572120861,0.17842268993893398,-0.8499501751325977,0.3249319997848943
21.0,21.1,0.38049054839900326,0.425824254209053,-0.41763806026467226,-0.38955847048087766,-0.26014501126105494,-0.24315636806413674,0.2832024971195372,0.29737477673736,0.22829432903940194,0.2554945525254318,-0.25058283615880333,-0.23373508228852657,-0.15608700675663295,-0.14589382083848204,0.16992149827172232,0.178424866042416,-0.8498275914750866,0.2908289970946498
21.1,21.200000000000003,0.38049654773396235,0.42583038988916005,-0.41764422480801977,-0.38956442432734445,-0.2601512026392482,-0.2431626821250314,0.28320604454166687,0.2973783836488566,0.2282979286403774,0.255498233933496,-0.25058653488481186,-0.23373865459640666,-0.1560907215835489,-0.14589760927501882,0.1699236267250001,0.17842703018931397,-0.8497054139128548,0.3023390017915517
21.200000000000003,21.3,0.3805025129798204,0.42583649539164004,-0.4176503585381119,-0.389570345688566,-0.26015736351773255,-0.24316896408991606,0.283209571443046,0.2973819707104488,0.22830150778789224,0.255501897234984,-0.2505902151228671,-0.2337422074131396,-0.15609441811063954,-0.14590137845394963,0.1699257428658276,0.1784291824262693,-0.849583639890862,0.31174100149655715
21.3,21.400000000000002,0.38050844465644257,0.42584257068722015,-0.4176564617519221,-0.3895762349787766,-0.2601634940556598,-0.24317521379847815,0.28321307768334175,0.29738553805691104,0.22830506679386553,0.2555055424123321,-0.25059387705115327,-0.23374574098726594,-0.15609809643339587,-0.1459051282790869,0.16992784661000504,0.17843132283414662,-0.8494622681122805,0.30435799999395385
21.400000000000002,21.5,0.38051434450478333,0.42584861579356975,-0.4176625346379539,-0.38958209271227795,-0.26016959449642074,-0.24318143156374872,0.28321656353753677,0.2973890859059185,0.22830860670286998,0.25550916947614183,-0.2505975207827723,-0.23374925562736676,-0.15610175669785245,-0.14590885893824923,0.16992993812252205,0.17843345154355109,-0.849341299445603,0.32926499989116564
21.5,21.6,0.38052021280353815,0.42585463104935745,-0.4176685770376273,-0.38958791970625795,-0.2601756651298394,-0.243187618180474,0.28322002966860943,0.29739261449263915,0.2283121276821229,0.25551277862961447,-0.25060114622257634,-0.23375275182375477,-0.15610539907790363,-0.14591257090828438,0.16993201780116565,0.1784355686955835,-0.8492207334863399,0.298317005217541
21.6,21.700000000000003,0.38052605002523815,0.42586061660396074,-0.4176745889943725,-0.3895937165390493,-0.26018170606028845,-0.24319377406484716,0.28322347639935236,0.2973961238760597,0.22831563001514288,0.2555163699623764,-0.25060475339662347,-0.23375622992342956,-0.15610902363617307,-0.1459162644389083,0.16993408583961142,0.17843767432563581,-0.8491005691979845,0.3468290015007369
21.700000000000003,21.8,0.38053185670843653,0.4258665725335253,-0.41768057062530195,-0.389599483692679,-0.2601877174352794,-0.24319989955442453,0.28322690399120243,0.29739961415811417,0.22831911402506191,0.25551994352011514,-0.25060834237518115,-0.23375969021560739,-0.15611263046116763,-0.1459199397326547,0.16993614239472146,0.1784397684948685,-0.8489808060411201,0.344050997227896
21.8,21.900000000000002,0.38053763336514346,0.4258724989222639,-0.41768652204244483,-0.38960522013094073,-0.26019369943122855,-0.24320599256289807,0.2832303127126514,0.2974030843347984,0.22832258001908606,0.25552349935335833,-0.2506119132254669,-0.23376313207856442,-0.15611621965873712,-0.14592359553773884,0.16993818762759086,0.17844185060087903,-0.8488614404010977,0.32882400410017
21.900000000000002,22.0,0.38054338013096084,0.4258783962265239,-0.4176924429881959,-0.38961092813475,-0.26019965285374846,-0.24321205670964519,0.2832337035112905,0.29740653601206946,0.2283260280785765,0.25552703773591434,-0.25061546579291755,-0.23376655688085,-0.15611979171224907,-0.1459272340257871,0.1699402221067743,0.17844392160724168,-0.8487424787376,0.2803579991450533
22.0,22.1,0.3805490977578374,0.4258842642782086,-0.4176983338391152,-0.38961660799243697,-0.26020557506052805,-0.24321809148165785,0.28323707586269425,0.29740996890206317,0.22832945865470244,0.25553055856692514,-0.2506190003034691,-0.23376996479546217,-0.15612334503631684,-0.1459308548889947,0.16994224551761655,0.1784459813412379,-0.8486239143827153,0.3039619987248443
22.1,22.200000000000003,0.38055478680104116,0.4258901030595271,-0.4177041937192337,-0.38962225997413913,-0.26021146945405327,-0.2432240972663438,0.28324042999705595,0.2974133840577363,0.2283328720806247,0.25553406183571625,-0.2506225162315402,-0.23377335598448346,-0.15612688167243197,-0.14593445835980628,0.16994425799823357,0.17844803043464177,-0.8485057507636042,0.37275800423230976
22.200000000000003,22.3,0.3805604479607163,0.42589591245980607,-0.41771002375437094,-0.3896278841526238,-0.26021733496858207,-0.2432300740326445,0.28324376585849825,0.2974167804096469,0.22833626877642976,0.25553754747588364,-0.25062601425262254,-0.23377673049157427,-0.15613040098114925,-0.1459380444195867,0.16994625951509895,0.17845006824578816,-0.8483879848941446,0.3513929987093434
22.3,22.400000000000002,0.3805660814189232,0.42590169234127184,-0.4177158243888867,-0.38963348102903556,-0.26022317171842857,-0.24323602234665062,0.28324708396356857,0.29742015808730726,0.22833964885135388,0.2555410154047631,-0.250629494633332,-0.23378008861742133,-0.15613390303105715,-0.14594161340799036,0.16994825037814112,0.17845209485238436,-0.8482706178229732,0.2901800035033375
22.400000000000002,22.5,0.3805716871573111,0.42590744255356827,-0.41772159551193216,-0.38963905121118664,-0.26022897997736877,-0.2432419424956407,0.2832503845630582,0.2974235173325648,0.22834301229438664,0.25554446553214094,-0.2506329573071593,-0.23378343072671198,-0.15613738798642127,-0.14594516549738443,0.1699502307378349,0.17845411039953887,-0.8481536485965196,0.3013679961441085
22.5,22.6,0.38057726522734103,0.42591316455556,-0.41772733716277444,-0.3896445951576731,-0.2602347597622911,-0.2432478345662397,0.28325366773291927,0.2974268581617867,0.2283463591364046,0.255547898733336,-0.25063640229766465,-0.23378675709460384,-0.15614085585737467,-0.1459487007397438,0.16995220063975156,0.17845611489707203,-0.8480370767611523,0.2864030029741116
22.6,22.700000000000003,0.38058281619497736,0.4259188582424275,-0.4177330498192476,-0.38965011278696365,-0.2602405116397742,-0.24325369891399162,0.28325693376612454,0.29743018105504276,0.2283496897169864,0.25555131494545646,-0.25063982989154854,-0.2337900676721782,-0.1561443069838645,-0.14595221934839497,0.16995416025967472,0.17845810863302566,-0.8479209019819743,0.2912030031438917
22.700000000000003,22.8,0.3805883403809199,0.42592452371945194,-0.4177387337425894,-0.38965560424511547,-0.26024623582911793,-0.24325953570818695,0.2832601827754904,0.2974334861719333,0.22835300422855193,0.25555471423167114,-0.2506432402455536,-0.23379336254706928,-0.15614774149747077,-0.14595572142491217,0.16995610966529426,0.17846009170316,-0.8478051230812219,0.3964160059695132
22.8,22.900000000000002,0.38059383798274393,0.425930161195592,-0.41774438911154066,-0.38966106976207715,-0.2602519324855108,-0.24326534512956596,0.28326341488838314,0.2974367736210358,0.22835630278964636,0.2555580967173552,-0.2506466334669244,-0.23379664185724627,-0.15615115949130648,-0.14595920707773957,0.16995804893302988,0.17846206417262148,-0.8476897391618199,0.29530700703617185
22.900000000000002,23.0,0.3805993091826331,0.4259357708874621,-0.4177500161211482,-0.3896665095436333,-0.2602576017880144,-0.2432711273741231,0.2832666302484593,0.29744004353467074,0.22835958550957985,0.25556146253247725,-0.2506500096726889,-0.23379990572617998,-0.15615456107280862,-0.14596267642447386,0.16995997814907557,0.17846402612080245,-0.847574749340904,0.28872200346086174
23.0,23.1,0.3806047527512984,0.42594135300695957,-0.4177556149893961,-0.38967192376340004,-0.2602632439273288,-0.24327688262411154,0.2832698289882604,0.29744329605584674,0.22836285165077902,0.25556481180417573,-0.25065336899363766,-0.23380315425804002,-0.15615794635639726,-0.14596612957446692,0.16996189739295625,0.17846597763350805,-0.847460151432164,0.3958710003644228
23.1,23.200000000000003,0.38061017050753015,0.4259469074339593,-0.4177611862619669,-0.38967731228922575,-0.2602688589416257,-0.24328261059966091,0.28327301086254797,0.29744653121214165,0.2283661023045181,0.25556814446037557,-0.25065671175718013,-0.23380638737353543,-0.15616131536497543,-0.14596956635979655,0.16996380651752876,0.17846791872728499,-0.8473459455055395,0.3843910017167218
23.200000000000003,23.3,0.3806155625646466,0.42595243460046395,-0.4177667299146181,-0.3896826755355787,-0.260274447199126,-0.24328831186799604,0.2832761763472349,0.297449749313567,0.22836933753878796,0.25557146076027837,-0.25066003794877084,-0.23380960532134723,-0.1561646683194756,-0.14597298712079762,0.16996570580834094,0.1784698495881402,-0.8472321313767139,0.2939929981948808
23.3,23.400000000000002,0.3806209289144292,0.42595793484770716,-0.417772246048947,-0.38968801376160717,-0.2602800088711255,-0.24329398670778737,0.2832793256462654,0.29745295047582315,0.22837255734865752,0.2555747609086243,-0.2506633476293682,-0.2338128082569643,-0.1561680053226753,-0.1459763920246724,0.16996759538775924,0.17847177028549388,-0.8471187074205865,0.48722599603934214
23.400000000000002,23.5,0.38062626968245744,0.4259634083955617,-0.4177777349039689,-0.38969332707406046,-0.2602855441142184,-0.24329963523779058,0.2832824588296607,0.2974561348046206,0.22837576180947444,0.255578045037337,-0.25066664094238134,-0.23381599624443627,-0.15617132646853102,-0.14597978114267435,0.1699694752977964,0.17847368088277235,-0.8470056722220543,0.2941599959740415
23.5,23.6,0.3806315850066496,0.42596885545038027,-0.41778319673374614,-0.3896986155604928,-0.26029105312428125,-0.24330525545060044,0.2832855759759199,0.29745930244449065,0.22837895100398975,0.25558131327022815,-0.2506699180402477,-0.23381916933629565,-0.15617463187456873,-0.14598315327036027,0.16997134558555194,0.17847558146669437,-0.8468930231322741,0.2868689989554696
23.6,23.700000000000003,0.3806368750083216,0.42597427623092843,-0.4177886317770929,-0.3897038782033887,-0.2602965361806821,-0.24331085063626487,0.2832886780742417,0.2974624535227916,0.22838212500499294,0.25558456573855703,-0.25067317906625575,-0.2338223269220332,-0.15617792170840925,-0.14598651038175892,0.169973206844545,0.17847747211367496,-0.846780761857888,0.29273000109242275
23.700000000000003,23.8,0.380642139545732,0.4259796712235962,-0.417794039993575,-0.3897091161725751,-0.26030199234028295,-0.24331641970402293,0.28329176402326484,0.2974655878648985,0.2283852837274392,0.2555878027341577,-0.250676423996145,-0.23382546970354504,-0.15618119540416978,-0.14598985182241375,0.1699750584139589,0.1784793527189391,-0.846668883563399,0.2878910017898306
23.8,23.900000000000002,0.38064737888711075,0.425985040509936,-0.4177994217375738,-0.38971432983552673,-0.260307421934145,-0.24332196281719523,0.2832948339412294,0.2974687062312103,0.22838842733226644,0.2555910243059616,-0.25067965304254425,-0.23382859790131602,-0.156184453160487,-0.14599317769031714,0.16997690036473764,0.17848122373872619,-0.8465573888647693,0.2819119981722906
23.900000000000002,24.0,0.3806525933065871,0.4259903841452941,-0.41780477611021144,-0.3897195191282684,-0.26031282694557895,-0.2433274803277825,0.28329788803841394,0.29747180906946136,0.22839155598395222,0.25559423048717644,-0.25068286566612685,-0.23383171147696102,-0.15618769616734737,-0.1459964881966695,0.16997873282304835,0.17848308544167682,-0.8464462764475571,0.2976559990202077
24.0,24.1,0.38065778329175526,0.42599570204733533,-0.41781010482578146,-0.3897246837871974,-0.26031820629204816,-0.24333297213124597,0.28330092586135835,0.29747489542881617,0.22839466997505314,0.2555974212284012,-0.25068606289546885,-0.23383481027231842,-0.1561909237752289,-0.14599978327874757,0.169980555516815,0.1784849372572897,-0.8463355434574901,0.2978530028485693
24.1,24.200000000000003,0.38066294865701894,0.4260009944143999,-0.41781540798527084,-0.38972982418893654,-0.26032356040314686,-0.24333843889028664,0.2833039475644835,0.29747796570982304,0.22839776919421134,0.25560059664863993,-0.2506892447911625,-0.2338378945133619,-0.1561941362418881,-0.14600306333417198,0.16998236853869012,0.17848677942589383,-0.8462251900211961,0.3417150001041591
24.200000000000003,24.3,0.3806680892793956,0.42600626080305415,-0.4178206856119684,-0.38973494062930775,-0.26032888951860234,-0.24334388099118856,0.2833069542804776,0.2974810201233196,0.22840085356763734,0.2556037564818325,-0.250692411367181,-0.23384096437758464,-0.1561973337111614,-0.14600632859471313,0.16998417256828655,0.17848861207399178,-0.8461152147482701,0.28769300115527585
24.3,24.400000000000002,0.3806732049902069,0.42601150278909505,-0.41782593773584586,-0.3897400334324344,-0.26033419347369363,-0.24334929788300871,0.2833099455375337,0.2974840585261916,0.22840392299412413,0.255606901673457,-0.2506955626415075,-0.23384402005946064,-0.15620051608421617,-0.14600957872980522,0.16998596732252022,0.17849043511571494,-0.8460056151145481,0.29810300475219265
24.400000000000002,24.5,0.3806782961981383,0.4260167202797091,-0.4178311648386879,-0.3897451023726504,-0.2603394728985299,-0.243354689778476,0.2833129215223814,0.2974870814688449,0.22840697771888296,0.25561003216782546,-0.2506986989032127,-0.23384706142359024,-0.15620368373911792,-0.1460128138670856,0.16998775291342885,0.17849224888130694,-0.8458963905667365,0.3242230013711378
24.5,24.6,0.38068336309985046,0.42602191336953904,-0.41783636717142564,-0.3897501474746293,-0.26034472800100594,-0.24336005680017833,0.2833158823154044,0.2974900891081888,0.22841001785991027,0.2556131480217234,-0.25070182030285537,-0.2338500884847776,-0.15620683680060357,-0.146016034080107,0.16998952938924264,0.1784940534649133,-0.8457875392462696,0.43109800026286393
24.6,24.700000000000003,0.3806884057931983,0.4260270822416555,-0.4178415448826812,-0.3897551688751888,-0.2603499588788882,-0.24336539907184698,0.2833188279996917,0.29749308150735143,0.22841304347591895,0.2556162493449933,-0.2507049269296087,-0.23385310132511328,-0.1562099753273329,-0.14601923944310818,0.16999129679981503,0.17849584890441086,-0.8456790595611033,0.2883509951061569
24.700000000000003,24.8,0.3806934243836895,0.4260322270721001,-0.41784669812011743,-0.3897601667118691,-0.26035516565612293,-0.24337071673398808,0.28332175867582654,0.2974960587551203,0.2284160546302137,0.25561933624326005,-0.25070801887207045,-0.23385610002712143,-0.15621309939367375,-0.14602243004039284,0.16999305520549593,0.1784976352530722,-0.8455709500576715,0.325815002724994
24.8,24.900000000000002,0.3806984189963027,0.42603734801824245,-0.41785182703989837,-0.3897651411113452,-0.26036034847109374,-0.24337600992163205,0.2833246744399648,0.29749902095303554,0.2284190513977816,0.25562240881094545,-0.250711096223939,-0.2338590846668071,-0.15621620908265624,-0.14602560595297923,0.16999480466397887,0.1784994125718213,-0.8454632092716274,0.3222520026611164
24.900000000000002,25.0,0.3807033887594782,0.4260424452279696,-0.41785693179579225,-0.38977009220018316,-0.2603655074612487,-0.24338127876526086,0.28332757538417763,0.2975019674788831,0.22842203325568688,0.25562546713678175,-0.25071415907747535,-0.2338620553201099,-0.15621930447674923,-0.1460287672591565,0.16999654523050658,0.17850118048732985,-0.8453558343851986,0.32695499976398423
25.0,25.1,0.3807083346636197,0.42604751860593476,-0.4178620127618988,-0.3897750199041405,-0.26037064309922947,-0.243386523110789,0.2833304613820563,0.2975048991158816,0.2284250007981718,0.25562851116356083,-0.2507172076571393,-0.23386501194248427,-0.15622238585953768,-0.1460319138664734,0.16999827682923377,0.17850293946952897,-0.8452488256460573,0.3636550027295016
25.1,25.200000000000003,0.3807132572384731,0.4260525683657401,-0.4178670699698246,-0.38977992448468035,-0.2603757554184529,-0.24339174320932006,0.2833333326402815,0.29750781624476663,0.22842795434308386,0.2556315410194441,-0.25072024198189474,-0.2338679546908082,-0.15622545325107176,-0.14603504592559202,0.1699999995841689,0.17850468974685998,-0.8451421819728294,0.30007899476913735
25.200000000000003,25.3,0.3807181564450534,0.4260575947831897,-0.4178721033919717,-0.38978480623841255,-0.2603808442834407,-0.24339693940314014,0.283336189430777,0.29751071872837287,0.22843089386703203,0.2556345568699138,-0.250723262035183,-0.23387088374304751,-0.15622850657006443,-0.14603816364188407,0.1700017136584662,0.17850643123702373,-0.8450359015039142,0.3146599992760457
25.3,25.400000000000002,0.3807230323945028,0.426062597999947,-0.41787711314118403,-0.38978966530807,-0.2603859097559564,-0.2434021110047568,0.2833390318768369,0.29751360660081,0.22843381943670166,0.2556375587999682,-0.2507262678847104,-0.233873799184842,-0.15623154585357382,-0.14604126660285408,0.17000341912610215,0.178508163960486,-0.8449299822684107,0.3100080066360533
25.400000000000002,25.5,0.3807278852394402,0.42606757812161633,-0.41788209936084786,-0.3897945018039106,-0.2603909520103753,-0.24340725820819217,0.28334186040531906,0.2975164799563237,0.22843673114366408,0.2556405468729698,-0.2507292596165087,-0.23387670108234637,-0.1562345712062252,-0.1460443549249153,0.17000511624319142,0.17850988797379422,-0.8448244235762372,0.3721710017998703
25.5,25.6,0.38073271512522233,0.42607253525990146,-0.4178870621808453,-0.3897993158504636,-0.26039597113935914,-0.24341238259862757,0.2833446752239344,0.29751933879194475,0.22843962907513338,0.25564352115594086,-0.2507322373085072,-0.23387958951027815,-0.15623758268361548,-0.14604742955917654,0.17000680513436064,0.17851160327516685,-0.8447192248342605,0.5385840049711987
25.6,25.700000000000003,0.3807375221887253,0.42607746953127784,-0.4178920017209536,-0.3898041063956045,-0.26040096682103014,-0.24341748359386764,0.28334747580861186,0.29752218313507117,0.22844251331323517,0.2556464817187667,-0.25073520103257213,-0.23388246383736266,-0.15624058009261807,-0.14605049015632057,0.17000848548516712,0.1785133098810427,-0.8446143821774261,0.2987769985338673
25.700000000000003,25.8,0.38074230629539524,0.426082381330907,-0.4178969178122324,-0.3898088749211865,-0.2604059381760093,-0.24342256086524863,0.2833502618740386,0.29752501325888625,0.22844538377723714,0.2556494287985442,-0.25073815068733946,-0.2338853249527119,-0.1562435629056056,-0.14605353651914918,0.17001015712442316,0.17851500795533173,-0.8445098949175954,0.2982629957841709
25.8,25.900000000000002,0.3807470677999448,0.42608727057309986,-0.4179018102825195,-0.38981362154461374,-0.2604108877599001,-0.24342761496989604,0.28335303381524507,0.29752782992268917,0.22844824067996689,0.2556523623438599,-0.2507410861695117,-0.23388817292676822,-0.15624653265594007,-0.1460565689819376,0.17001182028914705,0.1785166979536135,-0.8444057642078485,0.3076049979426898
25.900000000000002,26.0,0.3807518071009127,0.42609213714215927,-0.4179066791622438,-0.38981834613689714,-0.2604158146434822,-0.2434326459546554,0.28335579163519964,0.297530632286204,0.2284510842605476,0.25565528228529555,-0.25074400749734627,-0.23389100768213827,-0.1562494887860893,-0.14605958757279325,0.17001347498111977,0.1785183793717224,-0.8443019856552522,0.299670995445922
26.0,26.1,0.3807565244435018,0.4260969810670417,-0.4179115255007863,-0.38982304871376494,-0.26042071863807387,-0.24343765403705925,0.2833585355382628,0.2975334202031528,0.22845391466610104,0.255658188640225,-0.2507469153004718,-0.23389382922825896,-0.15625243118284432,-0.14606259242223554,0.17001512132295768,0.17852005212189168,-0.8441985595774545,0.30428900208789855
26.1,26.200000000000003,0.3807612196927901,0.4261018022089961,-0.41791634917308984,-0.389827729637333,-0.260425600208391,-0.2434426394791293,0.28336126574797804,0.2975361940754886,0.22845673181567405,0.25566108132539767,-0.2507498095038539,-0.23389663778239977,-0.1562553601250346,-0.14606558368747757,0.17001675944878683,0.17852171644529316,-0.8440954848438545,0.32322900369763374
26.200000000000003,26.3,0.3807658927604122,0.4261066005630917,-0.41792115013705633,-0.3898323892005031,-0.2604304593740933,-0.24344760226088383,0.28336398223114817,0.2975389539050033,0.2284595356562473,0.255663960337855,-0.2507526900822338,-0.23389943352030185,-0.156258275624456,-0.1460685613565303,0.1700183893386889,0.17852337234300197,-0.843992759425883,0.2832099999068305
26.3,26.400000000000002,0.38077054365406443,0.4261113771321152,-0.41792592846266685,-0.38983702758618316,-0.2604352961320089,-0.24345254243375342,0.2833666850274546,0.2975416996848379,0.22846232619243864,0.2556668262792691,-0.2507555570776001,-0.2339022165517099,-0.15626117767920533,-0.14607152546025204,0.17002001101647277,0.17852501981090274,-0.8438903823945022,0.2978429984068498
26.400000000000002,26.5,0.3807751727218037,0.42611613180599717,-0.41793068447866033,-0.389841644656145,-0.2604401108759734,-0.24345746023349413,0.283369374323234,0.29754443174158707,0.22846510363308223,0.2556696790835983,-0.2507584106871962,-0.233904986793687,-0.15626406652558403,-0.14607447614009647,0.1700216245939404,0.17852665904495224,-0.843788352694905,0.31835699337534606
26.5,26.6,0.3807797801321563,0.4261208646344896,-0.41793541833236325,-0.38984624047012373,-0.26044490373479584,-0.24346235574385336,0.2833720501604007,0.2975471501586625,0.22846786807929376,0.25567251878069375,-0.25076125099941793,-0.23390774428207423,-0.1562669422408775,-0.146077413446312,0.1700232300962404,0.1785282900951975,-0.8436866686849324,0.29884099785704166
26.6,26.700000000000003,0.3807843659812956,0.42612557573301496,-0.41794013010648334,-0.38985081515984316,-0.26044967478982767,-0.243467229063131,0.2833747125983786,0.2975498549831428,0.22847061958877735,0.25567534543980897,-0.25076407806389,-0.2339104890959059,-0.1562698048738966,-0.1460803374378786,0.17002482755902715,0.17852991298988566,-0.8435853290058439,0.29566000011982396
26.700000000000003,26.8,0.38078893037036204,0.4261302652132548,-0.41794481989193993,-0.38985536884885036,-0.2604544241378336,-0.24347208030902948,0.2833773617165202,0.29755254627860633,0.2284733582222172,0.2556781591279529,-0.25076689193516394,-0.2339132213093102,-0.15627265448270014,-0.14608324818541768,0.17002641702991214,0.1785315277671638,-0.8434843323657987,0.4048959963256493
26.8,26.900000000000002,0.3807934734108672,0.4261349331774,-0.4179494877912287,-0.38985990164778433,-0.26045915188138324,-0.24347690959530402,0.2833799975919057,0.2975552241147093,0.2284760840465203,0.25568095990643996,-0.2507696926747372,-0.23391594098867058,-0.15627549112882994,-0.1460861457571824,0.17002799855514342,0.17853313446882557,-0.8433836774534763,0.33353600156260654
26.900000000000002,27.0,0.38079799521559843,0.4261395797254359,-0.41795413390934494,-0.3898644136633875,-0.2604638581231033,-0.24348171703045637,0.2833826202978435,0.29755788856184345,0.22847879712935903,0.25568374783526154,-0.25077248034560695,-0.23391864819803249,-0.15627831487386198,-0.14608903021827382,0.1700295721787061,0.17853473313710608,-0.8432833629565026,0.2885049980250187
27.0,27.1,0.380802495155617,0.4261442049578344,-0.41795875835040625,-0.3898689050016401,-0.2604685429646164,-0.24348650272089223,0.28338522990643367,0.2975605396900854,0.22848149709337018,0.2556865229747006,-0.2507752550102437,-0.23392134300098405,-0.15628112577876985,-0.14609190163253533,0.17003113794386018,0.17853632381405124,-0.8431833869331997,0.2861520042642951
27.1,27.200000000000003,0.3808069737206661,0.42614880879953687,-0.417963361384472,-0.38987337561675506,-0.2604732064250523,-0.2434912665365852,0.28338782629680725,0.29756317750694317,0.22848418423239963,0.2556892852797221,-0.2507780168306832,-0.23392402537005302,-0.15628392385503137,-0.14609475992195112,0.17003269577808436,0.1785379065041659,-0.8430837482543387,0.39664599898969755
27.200000000000003,27.3,0.38081143163266484,0.42615339134694113,-0.4179679430894906,-0.38987782565560736,-0.2604778486423305,-0.24349600864082593,0.28339040960318485,0.29756580212666195,0.2284868589795989,0.25569203480816466,-0.25078076585369435,-0.23392669539336441,-0.15628670918539828,-0.14609760518449555,0.1700342457619109,0.17853948127599717,-0.842984446554312,0.3249239962315187
27.3,27.400000000000002,0.38081586881128043,0.42615795285096203,-0.417972503395155,-0.38988225539321375,-0.2604824697716698,-0.24350072906805326,0.2833929800869702,0.2975684136638959,0.22848952128676825,0.2556947717105772,-0.250783502037093,-0.23392935323592823,-0.15628948186300187,-0.14610043744083195,0.17003578805218214,0.17854104819833755,-0.8428854803588935,0.2995190006913617
27.400000000000002,27.5,0.38082028531979945,0.42616249343551776,-0.4179770423755774,-0.38988666494797575,-0.2604870698869657,-0.24350542677187711,0.2833955379349644,0.2975710121437038,0.22849217119187964,0.25569749606131065,-0.25078622542534645,-0.23393199896878544,-0.15629224193217942,-0.14610325606312627,0.17003732276097863,0.17854260728622226,-0.8427868475401215,0.29294099658727646
27.5,27.6,0.3808246812706647,0.42616701318343186,-0.4179815601484174,-0.389891054393674,-0.2604916491095736,-0.24351010417425467,0.28339808373782494,0.29757359757756763,0.2284948087623988,0.2557002079100591,-0.25078893608905045,-0.2339346326362044,-0.15629498946574416,-0.1461060625045528,0.17003885024269497,0.17854415854654057,-0.8426885491236668,0.3193559969076887
27.6,27.700000000000003,0.3808290567688191,0.4261715121844855,-0.4179860568237003,-0.38989542381272835,-0.2604962073968074,-0.24351476052221374,0.28340061658211535,0.29757616989497593,0.22849743406129147,0.2557029073106913,-0.2507916340942202,-0.233937254287637,-0.15629772443808443,-0.14610885631332823,0.17004036994926922,0.17854570193698555,-0.8425905812105071,0.41689900535857305
27.700000000000003,27.8,0.3808334119084705,0.4261759905368163,-0.417990532504076,-0.38989977329431064,-0.26050074470371803,-0.24351939592409444,0.28340313608156203,0.29757872931886603,0.22850004714508226,0.2557055943220898,-0.2507943195024456,-0.23393986397658637,-0.15630044682223082,-0.14611163755445666,0.17004188164893722,0.1785472375913196,-0.8424929430610635,0.29220899887150154
27.8,27.900000000000002,0.38083774678201276,0.42618044834039215,-0.41799498729127965,-0.3899041017459431,-0.2605052601267926,-0.24352401086069,0.2834056433632195,0.29758127609251633,0.22850264806920764,0.25570826900423527,-0.25079699237476777,-0.23394246104756583,-0.15630315607607556,-0.146114406516414,0.1700433860179317,0.17854876565550978,-0.8423956333571744,0.33404699934180826
27.900000000000002,28.0,0.3808420612130827,0.4261848859742591,-0.41799942100250814,-0.3899084107354663,-0.2605097557175717,-0.24352860466764012,0.2834081377819133,0.2975838106246983,0.22850523672784961,0.25571093158455543,-0.2507996526015049,-0.23394504644127975,-0.156305853430543,-0.14611716280058407,0.170044882669148,0.17855028637481898,-0.8422986521528262,0.33001499832607806
28.0,28.1,0.3808463555423832,0.42618930330681315,-0.41800383294861043,-0.3899127001659118,-0.2605142310103018,-0.2435331775952757,0.2834106195411328,0.29758633250148686,0.2285078133254299,0.2557135819840879,-0.25080229976916624,-0.23394762009954706,-0.15630853860618107,-0.14611990655716542,0.17004637172467965,0.17855179950089212,-0.8422019959906343,0.32001000363379717
28.1,28.200000000000003,0.3808506302512868,0.4261937001203415,-0.41800822447369906,-0.38991696974672163,-0.2605186855949265,-0.2435377298283276,0.28341308881713334,0.2975888413846312,0.22851037815077208,0.2557162200722049,-0.25080493468421944,-0.23395018184803296,-0.15631121135695591,-0.14612263789699656,0.17004785329028,0.17855330483077872,-0.8421056647725259,0.40914900455391034
28.200000000000003,28.3,0.3808548852080948,0.4261980766969457,-0.4180125956288573,-0.389921219771233,-0.2605231198604565,-0.2435422616331183,0.2834155458461211,0.29759133761912715,0.22851293112485688,0.2557188460181674,-0.25080755737731436,-0.2339527318627398,-0.1563138719162739,-0.14612535697987097,0.17004932750767265,0.1785548025714763,-0.8420096579639267,0.3448049974394962
28.3,28.400000000000002,0.38085912035830566,0.426202432618679,-0.4180169463930512,-0.38992545043766025,-0.2605275340253408,-0.24354677305420028,0.2834179906483844,0.29759382137741286,0.2285154722149834,0.2557214595712074,-0.2508101678358307,-0.23395527026259613,-0.15631652041520447,-0.14612806383252017,0.17005079438903065,0.17855629282644772,-0.8419139735962807,0.2849809970939532
28.400000000000002,28.5,0.38086333558640556,0.42620676831081034,-0.4180212767308566,-0.38992966199131707,-0.2605319279654685,-0.24355126404312907,0.28342042317234717,0.2975962925423338,0.22851800135184333,0.2557240609864862,-0.25081276603851393,-0.23395779719479023,-0.15631915677928107,-0.14613075842587744,0.1700522539034083,0.17855777552540025,-0.8418186101655296,0.3790760019910522
28.5,28.6,0.38086753098874165,0.42621108436131533,-0.41802558679578045,-0.3899338544639402,-0.2605363018139847,-0.2435557347229794,0.283422843520073,0.2975987512261857,0.228520518593245,0.2557266506167892,-0.25081535207746825,-0.2339603126783641,-0.15632178108839082,-0.14613344083378763,0.17005370611204382,0.1785592507357114,-0.841723566893745,0.3008350031450391
28.6,28.700000000000003,0.3808717068169073,0.4262153807049662,-0.41802987684139453,-0.3899380277542198,-0.26054065585985964,-0.2435601852510241,0.2834252518077834,0.29760119722230133,0.22852302409014436,0.2557292284229797,-0.2508179261048367,-0.23396281665253188,-0.1563243935159158,-0.14613611115061445,0.17005515108467004,0.1785607183333808,-0.8416288422452544,0.35069700243184343
28.700000000000003,28.8,0.38087586318164085,0.42621965740363776,-0.4180341469802406,-0.38994218191663593,-0.26054499047279456,-0.24356461570758886,0.2834276480857555,0.297603630819243,0.2285255179089845,0.25573179444218264,-0.25082048818814434,-0.23396530914998154,-0.15632699428367672,-0.1461387694245533,0.17005658885145328,0.1785621784915458,-0.8415344352666183,0.3428609998081811
28.8,28.900000000000002,0.38088000015043455,0.426223914560124,-0.41803839728588477,-0.3899463170509176,-0.2605493057593102,-0.24356902614247597,0.28343003237786096,0.2976060525500159,0.22852800009026072,0.25573434873607437,-0.25082303837153086,-0.23396779023055053,-0.1563295834555861,-0.14614141568548558,0.17005801942671658,0.1785636315300095,-0.8414403447733443,0.30213300487957895
28.900000000000002,29.0,0.3808841177997983,0.42622815227022504,-0.41804262784017804,-0.38995043324888756,-0.26055360149025086,-0.24357341662972665,0.28343240472839015,0.2976084621979887,0.22853047067987897,0.255736891362135,-0.2508255767041068,-0.23397025994933252,-0.1563321608941505,-0.14614404997783598,0.17005944283703409,0.1785650773187932,-0.8413465689126642,0.3311589971417561
29.0,29.1,0.3808882162157143,0.42623237062150043,-0.4180468387320085,-0.38995453059487784,-0.2605578777071456,-0.2435777873058169,0.2834347652441897,0.2976108597897,0.22853292972942857,0.25573942237290026,-0.25082810323920507,-0.23397271835692668,-0.15633472662428735,-0.14614667238349013,0.1700608591465138,0.17856651587381997,-0.8412531067029997,0.34393600071780384
29.1,29.200000000000003,0.3808922954862245,0.4262365696996631,-0.4180510300508562,-0.38995860917254555,-0.26056213451645016,-0.24358213826014932,0.283437113987425,0.29761324540378886,0.22853537729173468,0.25574194181979787,-0.2508306180305137,-0.23397516550352732,-0.1563372807098701,-0.1461492829560896,0.170062268392455,0.17856794724227332,-0.8411599569305324,0.35498900251695886
29.200000000000003,29.3,0.38089635569895,0.42624074959029573,-0.4180552018847973,-0.3899626690665122,-0.260566372013819,-0.24358646956473423,0.28343945100282086,0.2976156191071176,0.22853781341936996,0.2557444497541774,-0.25083312113087836,-0.2339776014399073,-0.1563398232082914,-0.14615188173884053,0.1700636706016925,0.17856937146427054,-0.8410671183377005,0.6978490055189468
29.3,29.400000000000002,0.38090039682365595,0.42624491037845347,-0.41805935432069324,-0.38996671036184277,-0.26057059028506674,-0.2435907812990057,0.28344177634066914,0.29761798095727654,0.22854023809419355,0.25574694622707206,-0.25083561259241594,-0.23398002621710565,-0.15634235417104003,-0.1461544687794034,0.17006506580440148,0.17857078857436592,-0.8409745895911388,0.33428399910917506
29.400000000000002,29.5,0.3809044180280443,0.42624905212032294,-0.4180634874710046,-0.38997073311961494,-0.26057478939975975,-0.2435950735104502,0.2834440900247916,0.29762033099860774,0.22854265081682656,0.25574943127219374,-0.25083809248260275,-0.23398243987176895,-0.15634487363985586,-0.14615704410627012,0.17006645401487494,0.17857219859916465,-0.8408823686530906,0.33354399784002453
29.5,29.6,0.38090842078678977,0.4262531746654702,-0.4180676016379458,-0.38997473723187875,-0.26057896933828634,-0.2435993459823413,0.2834463918648996,0.29762266920959385,0.22854505247207385,0.2557519047992821,-0.25084056098276747,-0.23398484233912725,-0.1563473816029718,-0.14615960758940477,0.17006783511893978,0.1785736015257563,-0.8407904553595706,0.2967510008602403
29.6,29.700000000000003,0.38091240494254147,0.42625727830130933,-0.4180716966684577,-0.38997872302844094,-0.2605831303291056,-0.243603597706499,0.28344868223355396,0.297624995776686,0.22854744296552487,0.2557543669807856,-0.2508430180010746,-0.23398723381706454,-0.15634987819746335,-0.1461621586238994,0.17006920934013237,0.1785749974660116,-0.8406988480604114,0.308423004753422
29.700000000000003,29.8,0.38091637050330374,0.42626136316855145,-0.41807577257992123,-0.38998269065376173,-0.26058727247028424,-0.24360783080474824,0.28345096182360713,0.2976273106938951,0.22854982230198223,0.25575681790113086,-0.25084546354795273,-0.23398961439225702,-0.15635236348217055,-0.14616469848284894,0.17007057709416426,0.17857638641633705,-0.8406075474965944,0.4766550046042539
29.8,29.900000000000002,0.38092031756397665,0.42626542933321016,-0.41807982946916755,-0.38998664016848933,-0.26059139567759987,-0.24361204500106384,0.28345323011790485,0.2976296138371241,0.228552190538386,0.25575925759992607,-0.2508478976815005,-0.2339919841010936,-0.15635483740655992,-0.1461672270006383,0.17007193807074292,0.17857776830227445,-0.8405165504893125,0.3249889996368438
29.900000000000002,30.0,0.3809242462185841,0.42626947686268746,-0.4180838674317201,-0.3899905716353668,-0.2605955001342559,-0.24361624010696484,0.28345548694905415,0.29763190535943557,0.22855454773115047,0.25576168611761246,-0.25085032045903205,-0.23399434298122007,-0.15635730008055354,-0.1461697440641789,0.17007329216943248,0.17857914321566135,-0.8404258561427423,0.3595020025386475
30.0,30.1,0.38092815654973045,0.42627350583534324,-0.4180878865526369,-0.3899944851294383,-0.2605995859854754,-0.243620416225555,0.2834577323984312,0.29763418538011227,0.22855689392983825,0.25576410350120593,-0.25085273193158214,-0.23399669107766297,-0.15635975159128523,-0.146172249735333,0.1700746394390587,0.17858051122806737,-0.8403354635016784,0.3196769976057112
30.1,30.200000000000003,0.380932048636828,0.42627751633267497,-0.41809188691405136,-0.3899983807292691,-0.26060365185535417,-0.24362457347232724,0.2834599665520365,0.2976364539434441,0.22855922918209678,0.25576650979960497,-0.2508551321484308,-0.23399902843756146,-0.1563621911132125,-0.14617474408339634,0.1700759799312219,0.17858187236606646,-0.8402453703987585,0.310234994685743
30.200000000000003,30.3,0.3809359225593726,0.42628150843667717,-0.4180958685995982,-0.3900022578614875,-0.2606076998904284,-0.24362871202166214,0.28346218947418034,0.2976387117155987,0.22856155353562355,0.2557689050620063,-0.2508575211597589,-0.23400135471689248,-0.15636461993425704,-0.14617722721299728,0.1700773136845082,0.17858322702935922,-0.8401555777099983,0.2936000018962659
30.3,30.400000000000002,0.38093977824920633,0.42628548238221536,-0.41809983153606245,-0.39000611698766785,-0.2606117296245879,-0.24363283157929452,0.2834644008762792,0.2976409581163236,0.2285638669495238,0.2557712894293292,-0.25085989892163746,-0.2340036701926007,-0.15636703777475272,-0.1461796989475767,0.17007864052576752,0.17858457486979415,-0.8400660821557078,0.31816199771128595
30.400000000000002,30.5,0.38094361582643516,0.4262894382227579,-0.4181037748269373,-0.390009958642932,-0.2606157409620038,-0.24363693238702328,0.28346660097931603,0.2976431930757436,0.2285661694958611,0.2557736629336547,-0.25086226489616237,-0.23400597518575916,-0.15636944457720228,-0.14618215943221397,0.17007996058758962,0.17858591584544617,-0.8399768826644726,0.46138300240272656
30.5,30.6,0.38094743580964396,0.42629337568035786,-0.41810769993659497,-0.3900137824760207,-0.2606197337145904,-0.24364101463228371,0.28346878995581865,0.29764541644221276,0.22856846148578636,0.2557760254082147,-0.25086461996195697,-0.2340082694856124,-0.15637184022875425,-0.14618460877937023,0.17008127397349118,0.17858724986532765,-0.8398879791202055,0.3286050050519407
30.6,30.700000000000003,0.3809512380637439,0.42629729500839736,-0.4181116067913058,-0.39001758876304576,-0.26062370828480863,-0.24364507854812678,0.28347096800127974,0.2976476285607289,0.22857074283824635,0.2557783770050384,-0.2508669640747835,-0.23401055325782744,-0.15637422497088518,-0.14618704712887606,0.17008258080076785,0.17858857713643733,-0.8397993707619004,0.29134200303815305
30.700000000000003,30.8,0.3809550225547511,0.4263011960624692,-0.41811549537772497,-0.3900213776650678,-0.26062766481899835,-0.24364912415316234,0.2834731351079468,0.2976498295357048,0.22857301353285064,0.2557807176374815,-0.250869297226635,-0.23401282659904066,-0.15637659889139902,-0.1461894744918974,0.17008388106476807,0.17858989772142286,-0.8397110558539025,0.28726799791911617
30.8,30.900000000000002,0.3809587892592986,0.42630507862944117,-0.41811936571308156,-0.3900251493280039,-0.2606316032786488,-0.24365315144732666,0.2834752912601649,0.2976520193189846,0.22857527355557916,0.2557830471776647,-0.2508716194278489,-0.23401508959680234,-0.15637896196718928,-0.14619189086839599,0.17008517475609894,0.17859121159139077,-0.839623032896055,0.4318749997764826
30.900000000000002,31.0,0.3809625381247314,0.42630894361503396,-0.4181232178137101,-0.39002890391637346,-0.26063552360785247,-0.24365716046675637,0.2834774364850396,0.29765419785847164,0.22857752287483885,0.25578536616902037,-0.25087393068822605,-0.23401734234982408,-0.1563813141647115,-0.14619429628005381,0.17008646189102375,0.17859251871508297,-0.8395353011359032,0.3306360013084486
31.0,31.1,0.38096626941543676,0.42631279091864244,-0.418127051941774,-0.3900326412929594,-0.2606394261410747,-0.24366115140113503,0.28347957093252746,0.2976563654322694,0.22857976164926205,0.25578767455118545,-0.2508762311650644,-0.2340195847757756,-0.15638365568464482,-0.14619669084068102,0.17008774255951647,0.17859381925936166,-0.8394478596950884,0.3272219983045943
31.1,31.200000000000003,0.38096998325160963,0.4263166205690316,-0.41813086821178175,-0.39003636148274573,-0.26064331098049764,-0.2436651242988248,0.2834816946187499,0.297658522104996,0.22858198995096576,0.2557899723414189,-0.250878520927069,-0.23402181688964743,-0.15638598658829858,-0.14619907457929487,0.17008901677124993,0.1785951132629976,-0.8393607071486567,0.2849610027624294
31.200000000000003,31.3,0.3809736796926448,0.42632043265127884,-0.41813466668247795,-0.3900400645740313,-0.260647178182706,-0.24366907922259873,0.2834838075767494,0.29766066790608453,0.22858420781558686,0.2557922595907673,-0.25088080000948676,-0.23402403874441877,-0.1563883069096236,-0.14620144753355924,0.17009028454604963,0.1785964007436507,-0.8392738423256381,0.3291670000180602
31.3,31.400000000000002,0.3809773588025164,0.42632422724815916,-0.4181384474184329,-0.3900437506507299,-0.26065102781652505,-0.2436730162551589,0.28348590985974326,0.2976628028785224,0.2285864152815098,0.2557945363488955,-0.25088306845105973,-0.23402625039043792,-0.15639061668991502,-0.14620380975309533,0.17009154591584594,0.17859768172711346,-0.8391872641197682,0.3384039955562912
31.400000000000002,31.5,0.3809810206553074,0.42632800443445806,-0.4181422104937468,-0.3900474197874665,-0.26065485995595444,-0.2436769354771252,0.2834880015202019,0.2976649270707638,0.22858861239318445,0.25579680266067484,-0.25088532629624805,-0.2340284518724799,-0.15639291597357266,-0.14620616128627512,0.17009280091212114,0.17859895624245828,-0.8391009714104454,0.4379309975774959
31.5,31.6,0.38098466532777175,0.42633176428288594,-0.4181459559845639,-0.39005107205696316,-0.26065867467544257,-0.24368083696530804,0.2834900826079786,0.29766704053226267,0.22859079919666303,0.25579905856973156,-0.2508875735907383,-0.23403064323417788,-0.15639520480526553,-0.14620850217918482,0.17009404956478716,0.1786002243193576,-0.8390149630791631,0.2845189956133254
31.6,31.700000000000003,0.3809882928962297,0.42633550686640165,-0.4181496839661772,-0.39005470753271526,-0.26066247204890663,-0.24368472079555445,0.28349215317259724,0.29766914331248195,0.22859297573773782,0.255801304119841,-0.2508898103797063,-0.23403282451962915,-0.15639748322934396,-0.14621083247733266,0.17009529190355835,0.17860148598748918,-0.8389292380162653,0.2891080002882518
31.700000000000003,31.8,0.38099190343656497,0.42633923225795506,-0.418153394513075,-0.39005832628865356,-0.2606662521495006,-0.24368858704355198,0.2834942132637344,0.29767123546049645,0.22859514206193898,0.255803539354773,-0.250892036707845,-0.23403499577319212,-0.15639975128970038,-0.14621315222613118,0.17009652795824065,0.17860274127629786,-0.8388437951195403,0.3176890022587031
31.8,31.900000000000002,0.38099549702451985,0.4263429405300807,-0.4181570876992525,-0.3900619283986448,-0.2606700150496925,-0.24369243578468472,0.28349626293094227,0.2976733170249154,0.2285972982147119,0.2558057643180484,-0.2508942526195515,-0.23403715703918687,-0.1564020090298155,-0.14621546147081083,0.17009775775856537,0.17860399021494924,-0.8387586332934568,0.2783620002446696
31.900000000000002,32.0,0.3809990737357485,0.4263466317547812,-0.41816076359830046,-0.39006551393632044,-0.26067376082142596,-0.24369626709391326,0.2834983022234402,0.2976753880539215,0.22859944424144907,0.25580797905286873,-0.25089645815898026,-0.23403930836179226,-0.15640425649285558,-0.14621776025634795,0.17009898133406412,0.1786052328323529,-0.8386737514491567,0.3129450051346794
32.0,32.1,0.3810026328659818,0.42635030600353424,-0.41816442228339895,-0.3900690829750225,-0.2606774895362162,-0.24370008101296975,0.28350033106482214,0.2976774485952811,0.22860157971958905,0.25581018360212054,-0.25089865337003936,-0.2340414497850135,-0.15640649372172974,-0.14622004860778184,0.17010019863889328,0.17860646915716866,-0.8385891477226175,0.2780129943857901
32.1,32.2,0.38100617524339925,0.4263539631620505,-0.41816806400313566,-0.3900726354290895,-0.26068120118460764,-0.24370387599247156,0.2835023488709127,0.29767949863619925,0.22860370514603953,0.25581237789723027,-0.2509008384018814,-0.23404358125745367,-0.1564087207107646,-0.14622232559548293,0.1701014093225476,0.17860769918171954,-0.8385048203877604,0.2883179986383766
32.2,32.300000000000004,0.3810097011329117,0.42635760337975387,-0.4181716887241116,-0.39007617149062873,-0.26068489597698374,-0.24370765492344937,0.2835043574014527,0.29768153829887917,0.22860582067974702,0.2558145620278523,-0.25090301323446695,-0.23404570289437723,-0.15641093758619024,-0.14622459295406962,0.1701026144408716,0.17860892297932748,-0.8384207726400734,0.3132169949822128
32.300000000000004,32.4,0.3810132104925032,0.4263612268208031,-0.4181752964102808,-0.39007969133905757,-0.2606885737761886,-0.24371141685250924,0.2835063557994872,0.297683567426037,0.22860792629550192,0.25581673609248184,-0.25090517784616845,-0.23404781480343453,-0.15641314426571315,-0.14622685011150555,0.1701038134796923,0.1786101404556222,-0.8383369997444398,0.33122800232376903
32.4,32.5,0.3810167033794102,0.426364833561237,-0.4181788871256486,-0.39008319504491473,-0.2606922348118728,-0.24371516164310775,0.2835083439545746,0.29768558622288044,0.2286100220276461,0.2558189001367422,-0.25090733227538914,-0.23404991702694883,-0.1564153408871237,-0.14622909698586464,0.17010500637274475,0.17861135173372825,-0.8382535015278353,0.31658599618822336
32.5,32.6,0.3810201798740566,0.4263684236588816,-0.4181824609550113,-0.39008668265871843,-0.26069587920267334,-0.2437188894203121,0.2835103219701584,0.2976875947887798,0.22861210792443395,0.25582105419532897,-0.2509094765730068,-0.23405200959523104,-0.156417527521604,-0.14623133365218727,0.17010619318209505,0.17861255687326788,-0.8381702770956373,0.29793900466756895
32.6,32.7,0.38102364004994194,0.42637199717916346,-0.4181860179755918,-0.39009015424082966,-0.26069950698491323,-0.2437226002887241,0.2835122899254211,0.29768959314537413,0.22861418402996514,0.25582319830749806,-0.25091161078535507,-0.23405409254449777,-0.15641970419094794,-0.14623356017323447,0.17010737395525266,0.17861375588722447,-0.8380873253184433,0.33299900678684935
32.7,32.800000000000004,0.3810270839755587,0.4263755541924961,-0.4181895582597966,-0.3900936098574507,-0.2607031169774767,-0.24372629432745246,0.28351424787663304,0.29769158132402196,0.2286162503853352,0.25582533251549766,-0.25091373495587793,-0.2340561659144704,-0.15642187018648604,-0.14623577659647147,0.17010854872597983,0.17861494879441317,-0.8380046443391134,0.32979599927784875
32.800000000000004,32.9,0.3810305117185572,0.42637909477083485,-0.41819308188068877,-0.3900970495749566,-0.2607067109705524,-0.24372997167590857,0.28351619587031857,0.2976935599045539,0.22861830703113428,0.2558274568625009,-0.25091584912841325,-0.23405822974497395,-0.15642402658233145,-0.14623798300554514,0.17010971752219115,0.17861613594273232,-0.8379222351772966,0.34519699693191797
32.9,33.0,0.3810339233465239,0.42638261898595387,-0.4181965889121,-0.39010047332221154,-0.2607102887169881,-0.24373363226764094,0.2835181338077205,0.29769552846438585,0.22862035400791433,0.2558295713915723,-0.25091795334725997,-0.2340602839933269,-0.15642617323019284,-0.14624017936058456,0.1701108802846323,0.17861731707863152,-0.8378400950200063,0.4349930022726767
33.0,33.1,0.3810373188963291,0.4263861269402283,-0.4182000793727702,-0.3901038804961653,-0.2607138500543196,-0.24373727620050326,0.2835200617749145,0.29769748686479813,0.22862239133779744,0.255831676164137,-0.2509200476236621,-0.23406232829769916,-0.15642831003259175,-0.14624236572030194,0.1701120370649487,0.17861849211887887,-0.8377582226468894,0.4124589977436699
33.1,33.2,0.38104069828062315,0.4263896188700081,-0.4182035522894954,-0.3901072722299617,-0.2607173949875503,-0.24374090335500273,0.28352197968176834,0.2976994351216821,0.22862441896837388,0.25583377132200485,-0.25092213137369723,-0.23406436333797703,-0.15643043699253018,-0.14624454201300163,0.170113187809061,0.17861966107300928,-0.8376766169095581,0.31262400443665683
33.2,33.300000000000004,0.38104406202117586,0.42639309447141654,-0.4182070090742702,-0.3901106481418453,-0.26072092343676373,-0.2437445139661247,0.283523887741155,0.2977013726727347,0.2286264372127055,0.2558358566828499,-0.2509242054445621,-0.23406638888510717,-0.15643255406205822,-0.14624670837967482,0.170114332644693,0.17862082360364082,-0.8375952775803667,0.28630500310100615
33.300000000000004,33.4,0.3810474100151931,0.42639655394879433,-0.4182104496374533,-0.39011400845434774,-0.2607244360646665,-0.2437481082993767,0.2835257861797322,0.29770330039217713,0.22862844600911586,0.2558379323692766,-0.25092626978247196,-0.23406840507260862,-0.1564346616387999,-0.14624886497962603,0.1701154717078393,0.17862198023530626,-0.8375142046916161,0.34600900107761845
33.4,33.5,0.38105074223973584,0.42639999743719564,-0.41821387397415793,-0.3901173532995791,-0.26072793281049644,-0.24375168631648167,0.283527674937468,0.2977052184088715,0.2286304453438415,0.25583999846231736,-0.25092832438449475,-0.23407041197974743,-0.15643675968629786,-0.146251011789889,0.1701166049624808,0.17862313104532287,-0.8374333962917342,0.2956020034616813
33.5,33.6,0.3810540587541725,0.42640342412353455,-0.4182172821551898,-0.39012068273152034,-0.2607314135494664,-0.2437552480700436,0.28352955404372143,0.2977071265997908,0.22863243525250349,0.25584205447412073,-0.25093036929311385,-0.23407240963891218,-0.15643884812967981,-0.14625314884202614,0.17011773242623285,0.17862427595987448,-0.8373528507515013,0.33746699773473665
33.6,33.7,0.38105735936240104,0.42640683522005307,-0.418220674071936,-0.39012399704109224,-0.26073487803527384,-0.243758793534879,0.28353142347881183,0.29770902475321853,0.2286344156174406,0.2558441011320318,-0.2509324044431616,-0.23407439822465534,-0.1564409268211643,-0.1462552761209274,0.17011885408728708,0.17862541485193112,-0.837272567507857,0.36037400423083454
33.7,33.800000000000004,0.3810606443400268,0.42641023059950955,-0.41822405000042445,-0.39012729605686736,-0.2607383266602941,-0.24376232292538713,0.2835332834215435,0.29771091320473586,0.22863638660401606,0.2558461383597057,-0.25093443000025467,-0.2340763776341204,-0.15644299599617648,-0.14625739375523228,0.1701199700529261,0.17862654792284152,-0.837192546045777,0.40659200021764264
33.800000000000004,33.9,0.3810639138162343,0.42641361026480357,-0.41822741006335634,-0.3901305797751514,-0.2607417595399273,-0.24376583626985857,0.28353513387150364,0.2977127920310394,0.22863834828974056,0.2558481661588821,-0.2509364460380138,-0.23407834786509085,-0.15644505572395637,-0.14625950176191513,0.17012108032290219,0.17862767521862363,-0.8371127850194884,0.2803530005621724
33.9,34.0,0.3810671678426861,0.42641697428993386,-0.4182307543115006,-0.390133848273099,-0.26074517671979724,-0.24376933361098946,0.28353697484428697,0.2977146612518185,0.22864030070561167,0.2558501845739603,-0.25093845258690034,-0.2340803089638594,-0.15644710603187834,-0.14626160016659367,0.1701221849065722,0.17862879675109108,-0.8370332833768458,0.32090899912873283
34.0,34.1,0.3810704064716928,0.4264203227501875,-0.41823408279803825,-0.3901371016273097,-0.26074857825721126,-0.24377281502066525,0.2835388063835211,0.29771652089976697,0.22864224388301568,0.25585219365011247,-0.25094044967882295,-0.2340822609763858,-0.15644914695432674,-0.14626368901239914,0.17012328383011263,0.1786299125398602,-0.8369540401563285,0.3222110026399605
34.1,34.2,0.381073629766824,0.4264236557120354,-0.4182373955868891,-0.39014033990399494,-0.26075196421640284,-0.24377628057050016,0.28354062853333184,0.29771837101427406,0.2286441778600944,0.2558541934272212,-0.25094243735213345,-0.23408420394239696,-0.1564511785298417,-0.1462657683423001,0.1701243771199991,0.17863102260856442,-0.8368750543768573,0.2920890037785284
34.2,34.300000000000004,0.38107683779531437,0.4264269732392142,-0.41824069274495107,-0.39014356316669296,-0.26075533466312667,-0.2437797303278924,0.2835424413346157,0.2977202116364081,0.2286461026771886,0.2558561839435285,-0.2509444156469706,-0.23408613790001576,-0.156453200797876,-0.14626783819673544,0.17012546480076943,0.17863212698184486,-0.8367963250555202,0.28678100352408364
34.300000000000004,34.4,0.3810800306241871,0.42643027539572437,-0.41824397433844307,-0.3901467714797623,-0.2607586896631679,-0.2437831643593964,0.28354424482791907,0.297722042807617,0.22864801837451226,0.2558581652374346,-0.25094638460306584,-0.23408806288785736,-0.15645521379790073,-0.14626989861563783,0.17012654689675144,0.17863322568457018,-0.8367178512169686,0.3154110017931089
34.4,34.5,0.3810832083200669,0.4264335622457252,-0.4182472404327941,-0.3901499649082029,-0.2607620292818326,-0.24378658273190287,0.2835460390543221,0.29772386456916605,0.22864992499204015,0.2558601373474351,-0.25094834425967644,-0.23408997894492173,-0.15645721756909955,-0.14627194963914172,0.17012762343259324,0.17863431874149963,-0.8366396318922988,0.30023299768799916
34.5,34.6,0.3810863709495375,0.426436833853086,-0.41825049109300233,-0.3901531435171204,-0.2607653535839269,-0.24378998551245132,0.28354782405520246,0.2977256769620481,0.2286518225697225,0.2558621003118516,-0.2509502946558014,-0.2340918861102722,-0.15645921215035613,-0.1462739913074708,0.17012869443312148,0.17863540617722887,-0.8365616661181907,0.3064869961235672
34.6,34.7,0.3810895185792087,0.42644009028121566,-0.41825372638373437,-0.39015630737149537,-0.2607686626338867,-0.24379337276798055,0.2835495998719565,0.29772748002703486,0.2286537111475252,0.25586405416872937,-0.2509522358302406,-0.23409378442289722,-0.15646119758033203,-0.14627602366078832,0.1701297599231739,0.17863648801622092,-0.8364839529369552,0.2882839980884455
34.7,34.800000000000004,0.3810926512756684,0.42644333159307984,-0.4182569463693343,-0.39015945653614714,-0.260771956495866,-0.24379674456526151,0.28355136654591945,0.29772927380473146,0.228655590765401,0.2558659989558479,-0.25095416782160057,-0.23409567392168829,-0.1564631738975196,-0.1462780467391569,0.17013081992755166,0.17863756428283886,-0.836406491396643,0.29273000109242275
34.800000000000004,34.9,0.3810957691053491,0.42644655785127644,-0.41826015111378145,-0.3901625910757311,-0.2607752352337418,-0.24380010092999782,0.2835531241183041,0.2977310583355388,0.22865746146320945,0.25586793471076585,-0.25095609066826885,-0.23409755464543863,-0.15646514114024507,-0.1462800605579987,0.17013187447098244,0.1786386350013233,-0.8363292805239226,0.3415609971852973
34.9,35.0,0.3810988721345205,0.4264497691180513,-0.418263340680729,-0.39016571105470793,-0.26077849891270416,-0.24380344067995663,0.28355487264748697,0.29773283365929015,0.22865932328071228,0.2558698614708308,-0.2509580044084374,-0.23409942663282474,-0.15646709934762248,-0.14628206440797398,0.17013292358849216,0.1786397001955741,-0.8362523185852196,0.2956589960376732
35.0,35.1,0.38110195984998907,0.4264529654551199,-0.4182665151333348,-0.39016881653827407,-0.26078174764224044,-0.2438067658954254,0.283556612711303,0.29773459979969713,0.22866117590999344,0.2558717792730719,-0.2509599090800009,-0.23410128992296442,-0.15646904858534424,-0.14628405953725523,0.1701339676267818,0.17864075987981828,-0.836175606377298,0.29537599766626954
35.1,35.2,0.3811050327496638,0.4264561467858008,-0.41826967466515275,-0.39017190747310493,-0.2607849812846147,-0.24381007578832822,0.2835583436116817,0.29773635661564307,0.22866301964979827,0.2558736880714805,-0.25096180479909164,-0.23410314448386293,-0.15647098877076882,-0.14628604547299692,0.17013500616700902,0.17864181396938583,-0.8360991411078618,0.29357700259424746
35.2,35.300000000000004,0.38110809120828215,0.42645931319974484,-0.41827281928970766,-0.39017498398345396,-0.2607882000579674,-0.2438133703994985,0.28356006539428164,0.2977381043063306,0.22866485472496928,0.2558755879198469,-0.2509636915738246,-0.23410499039007238,-0.15647292003478042,-0.14628802223969908,0.17013603923656898,0.17864286258379833,-0.836022923088365,0.28926500090165064
35.300000000000004,35.4,0.3811111351738307,0.4264624648527125,-0.4182759489624446,-0.3901780462389179,-0.2607914040826621,-0.2438166499700722,0.28356177825749806,0.2977398429683442,0.2286666811042984,0.2558774789116275,-0.2509655693774667,-0.23410682774335073,-0.15647484244959725,-0.14628998998204332,0.17013706695449884,0.17864390578100653,-0.8359469514297249,0.32319699676008895
35.4,35.5,0.38111416468886283,0.4264656018178708,-0.4182790637324204,-0.39018109430872516,-0.2607945933765057,-0.24381991458562968,0.28356348225886263,0.2977415726021709,0.2286684988133177,0.25587936109072246,-0.2509674382394522,-0.23410865658523508,-0.1564767560259034,-0.1462919487513778,0.17013808935531757,0.17864494356130253,-0.8358712249781866,0.2838319996953942
35.5,35.6,0.38111717982373877,0.4264687241456372,-0.41828216367342697,-0.39018412823730886,-0.26079776798669974,-0.2438231643018772,0.2835651774326926,0.2977432932360298,0.22867030789424325,0.2558812344873823,-0.25096929820405617,-0.2341104769423853,-0.15647866079201983,-0.14629389858112632,0.17013910645961555,0.17864597594161788,-0.8357957428012941,0.28040300094289705
35.6,35.7,0.38112018064368347,0.4264718318922149,-0.41828524885372237,-0.39018714807647553,-0.26080092761371254,-0.24382639917860333,0.28356686381740814,0.29774500491536054,0.22867210838621008,0.2558830991353289,-0.2509711493122334,-0.2341122888458853,-0.1564805565682275,-0.146295839507162,0.17014011829044487,0.17864700294921632,-0.8357205037701045,0.28452800324885175
35.7,35.800000000000004,0.38112316720865963,0.42647492511929447,-0.41828831933720245,-0.39019015388368583,-0.26080407201703587,-0.24382961929825764,0.28356854145251936,0.29774670784305085,0.22867390032519577,0.25588495507157666,-0.25097299160232145,-0.2341140923302115,-0.1564824432102215,-0.14629777157895457,0.17014112487151162,0.1786480247058305,-0.8356455070612803,0.2862050023395568
35.800000000000004,35.9,0.3811261395774915,0.42647800389020324,-0.41829137518804693,-0.390193145716793,-0.26080720244034783,-0.24383282472913326,0.28357021033457397,0.2977484022756468,0.22867568374649488,0.2558868023341219,-0.25097482511282815,-0.23411588743007578,-0.15648432146420868,-0.14629969483747995,0.17014212620074437,0.1786490413653881,-0.8355707527164039,0.2873840057873167
35.9,36.0,0.38112909780911775,0.42648106826766696,-0.4182944164706488,-0.39019612363286604,-0.2608103184685742,-0.24383601545836256,0.28357187043122467,0.2977500878330129,0.22867745868547062,0.25588864096060016,-0.25097664988238927,-0.23411767417971963,-0.15648619108114453,-0.14630160927501754,0.1701431222587348,0.17865005269980772,-0.835496238552317,0.31212199974106625
36.0,36.1,0.38113204196273837,0.4264841183132992,-0.4182974432486673,-0.39019908768879363,-0.26081342008870234,-0.24383919162629925,0.2835735218659698,0.29775176450695184,0.228679225177643,0.2558904709879795,-0.25097846594920037,-0.23411945261327616,-0.1564880520532214,-0.14630351497577954,0.17014411311958186,0.1786510587041711,-0.8354219641152028,0.3540289981174283
36.1,36.2,0.3811349720974061,0.4264871540886915,-0.4183004554655839,-0.39020203735436615,-0.2608165073937601,-0.2438423533117051,0.2835751647040428,0.29775343237601226,0.22868098325844366,0.2558922924532149,-0.25098027327935035,-0.23412122241261968,-0.15648990443625607,-0.14630541198702304,0.17014509882242568,0.17865205942560736,-0.8353479281399406,0.3471809977781959
36.2,36.300000000000004,0.3811378881736136,0.4264901757681405,-0.41830345252913903,-0.39020497315741554,-0.26081958035820385,-0.2438455003479304,0.28357679880514775,0.29775509142038364,0.22868273290416816,0.2558941054608843,-0.2509820715174834,-0.2341229838944493,-0.15649174821492232,-0.14630730020875823,0.17014607928308864,0.17865305485223018,-0.8352741293389372,0.2871879987651482
36.300000000000004,36.4,0.3811407904868428,0.42649318323440455,-0.41830643540545775,-0.39020789520306826,-0.26082263892007773,-0.2438486328305623,0.2835784242616112,0.29775674159622567,0.22868447429210567,0.2558959099406427,-0.25098386124327465,-0.23412473712184095,-0.15649358335204663,-0.14630917969833737,0.1701470545569667,0.1786540449577354,-0.8352005678798048,0.3202520019840449
36.4,36.5,0.3811436790157957,0.4264961766048269,-0.4183094040811137,-0.3902108036147027,-0.26082568339078666,-0.24385175104391085,0.283580041309619,0.2977583831665913,0.22868620740947743,0.2558977059628961,-0.2509856424486682,-0.2341264821688216,-0.15649541003447198,-0.1463110506263465,0.1701480247857714,0.17865502989995477,-0.8351272431598942,0.29365600494202226
36.5,36.6,0.3811465537725375,0.42649915596827453,-0.4183123585786413,-0.390213698477846,-0.26082871383684125,-0.2438548550188485,0.2835816499521241,0.29776001616690384,0.22868793226352246,0.2558994935809647,-0.25098741514718476,-0.23412821908670758,-0.15649722830210475,-0.14631291301130908,0.17014898997127445,0.1786560097001423,-0.8350541538830913,0.2882250046241097
36.6,36.7,0.38114941480861986,0.4265021208381747,-0.4183152989574483,-0.39021657984212227,-0.2608317302998997,-0.2438579447862886,0.2835832501977996,0.29776164061642096,0.2286896488851719,0.2559012725029048,-0.25098917937446896,-0.23412994790527336,-0.15649903817993982,-0.14631476687177317,0.17014995011867975,0.17865698436985258,-0.8349812988557094,0.3065769997192547
36.7,36.800000000000004,0.3811522620167617,0.4265050717685438,-0.4183182251659845,-0.3902194479048818,-0.26083473265346613,-0.2438610203286212,0.28358484202477846,0.297763256399027,0.228691357210057,0.25590304306112627,-0.2509909350995907,-0.23413166874292907,-0.15650083959207967,-0.1463166121971727,0.17015090521486706,0.1786579538394162,-0.8349086772979633,0.2829449949786067
36.800000000000004,36.9,0.3811550955177239,0.42650800898098995,-0.41832113734642834,-0.39022230263557717,-0.2608377210766415,-0.2438640817686641,0.28358642553312524,0.29776486366515365,0.22869305731063433,0.25590480538859395,-0.250992682407857,-0.23413338158134628,-0.15650263264598488,-0.14631844906119845,0.17015185531987514,0.1786589181990922,-0.8348362887137599,0.32514999475097284
36.9,37.0,0.38115791545934663,0.4265109324473688,-0.41832403564251774,-0.39022514399164093,-0.26084069573024377,-0.24386712918397363,0.2835880007722631,0.2977664625381397,0.22869474927560796,0.2559065594684213,-0.25099442138551065,-0.23413508639498454,-0.15650441743814625,-0.14632027751038418,0.17015280046335785,0.17865987752288381,-0.834764132153652,0.3219880018150434
37.0,37.1,0.3811607219063526,0.4265138422148864,-0.4183269201166187,-0.3902279720208044,-0.26084365666922615,-0.24387016261367075,0.2835895677570183,0.2977680530479392,0.22869643314381155,0.25590830532893183,-0.2509961520699712,-0.23413678321248263,-0.15650619400153568,-0.14632209756820244,0.170153740654211,0.1786608318287635,-0.8346922066456138,0.29120200633769855
37.1,37.2,0.3811635149048269,0.42651673834896625,-0.4183297908149319,-0.39023078679025736,-0.260846603940861,-0.24387318211499948,0.28359112652100193,0.2977696352209327,0.22869810894289613,0.25591004300937975,-0.2509978744889591,-0.2341384720741544,-0.1565079623645166,-0.14632390926899969,0.17015467591260117,0.17866178113255962,-0.8346205113420159,0.3130269979010336
37.2,37.300000000000004,0.38116629450784806,0.4265196209100003,-0.41833264779080626,-0.3902335883607101,-0.26084953759970736,-0.24387618775098927,0.283592677104284,0.2977712090912425,0.2286997767047088,0.25591177254600017,-0.25099958867448374,-0.23414015301642604,-0.1565097225598244,-0.14632571265059355,0.1701556062625704,0.17866272545474549,-0.834549045405506,0.2926419983850792
37.300000000000004,37.4,0.3811690607734433,0.4265224899545985,-0.41833549110202894,-0.39023637678871465,-0.2608524577025536,-0.24387917958183153,0.2835942195451315,0.2977727746955192,0.228701436464066,0.2559134939727591,-0.25100129466121734,-0.23414182607322878,-0.15651147462153217,-0.14632750774909892,0.17015653172707887,0.17866366481731152,-0.8344778079933854,0.2824709954438731
37.4,37.5,0.3811718137604433,0.4265253455388394,-0.41833832080675465,-0.39023915213062127,-0.2608553643063046,-0.24388215766605892,0.2835957538808198,0.29777433207092124,0.22870308825626595,0.25591520732330364,-0.2510029924840528,-0.23414349127837275,-0.15651321858378278,-0.14632929459963534,0.1701574523284919,0.17866459924255274,-0.8344067982675084,0.32168300094781443
37.5,37.6,0.38117455352736584,0.4265281877189977,-0.4183411369624909,-0.3902419144433915,-0.26085825746746333,-0.24388512206200028,0.28359728014874497,0.2977758812545377,0.2287047321164195,0.2559169126313986,-0.25100468217749455,-0.2341451486660349,-0.156514954480478,-0.14633107323720015,0.17015836808924698,0.1786655287527226,-0.8343360153957237,0.3229040012229234
37.6,37.7,0.38117728013261365,0.42653101655119985,-0.4183439396263078,-0.3902446637841844,-0.2608611372420861,-0.24388807282796934,0.2835987983864283,0.2977774222832019,0.22870636807956818,0.2559186099307199,-0.25100636377578467,-0.2341467982705106,-0.15651668234525165,-0.1463328436967816,0.17015927903185699,0.17866645336992115,-0.8342654585510355,0.38395199953811243
37.7,37.800000000000004,0.38117999363459903,0.4265338320912351,-0.4183467288549851,-0.3902474002101095,-0.2608640036858572,-0.2438910100221063,0.28360030851463963,0.29777895519349096,0.2287079961807594,0.255920299254741,-0.25100803731299104,-0.2341484401260657,-0.15651840221151433,-0.14633460601326378,0.17016018510878378,0.17866737311609457,-0.8341951268303102,0.2873010016628541
37.800000000000004,37.9,0.3811826940918229,0.42653663439450873,-0.4183495047050103,-0.3902501237782553,-0.2608668568578252,-0.2438939337750874,0.2836018103004552,0.29778048002687696,0.22870961645509374,0.25592198063670524,-0.25100970282300616,-0.23415007426695317,-0.1565201141146951,-0.14633636026505242,0.17016108618027312,0.17866828801612616,-0.8341250193295775,0.3076289940509014
37.9,38.0,0.38118538156313175,0.42653942351599444,-0.41835226723249436,-0.3902528345459763,-0.26086969681429284,-0.2438968443589892,0.28360330442598664,0.2977819968273172,0.22871122893787904,0.25592365410959667,-0.2510113603394966,-0.2341517007275858,-0.1565218180885757,-0.1463381066153935,0.170161982655592,0.1786691980963903,-0.8340551359071418,0.42717000178527087
38.0,38.1,0.3811880561071015,0.42654219951035766,-0.4183550164932341,-0.3902555325703631,-0.2608725235702897,-0.24389974155707553,0.2836047906913124,0.2977835055942806,0.22871283366426087,0.25592531970621457,-0.25101300989594044,-0.23415331954221785,-0.15652351414217383,-0.14633984493424532,0.17016287441478742,0.17867010335656833,-0.8339854750059003,0.2924779983004555
38.1,38.2,0.3811907177814985,0.4265449624321518,-0.4183577525429521,-0.3902582179076744,-0.26087533722227135,-0.24390262431572812,0.28360626909766523,0.29778500640513117,0.22871443066889907,0.25592697745929105,-0.25101465152577124,-0.23415493074460464,-0.1565252023333628,-0.14634157458943686,0.17016376145859913,0.17867100384307869,-0.8339160353649424,0.28898999880766496
38.2,38.300000000000004,0.38119336664463793,0.42654771233562644,-0.41836047543709826,-0.3902608906146629,-0.26087813787354824,-0.2439054942515699,0.28360774014634305,0.29778649929435147,0.22871601998678276,0.25592862740137584,-0.25101628526225894,-0.23415653436879774,-0.15652688272412893,-0.14634329655094194,0.17016464408780582,0.17867189957661087,-0.833846818019838,0.42302400106564164
38.300000000000004,38.400000000000006,0.3811960027547595,0.42655044927461305,-0.4183631852306997,-0.39026355074800256,-0.2608809254576721,-0.24390835105175507,0.28360920345061763,0.29778798417676816,0.2287176016528557,0.25593026956476783,-0.2510179111384198,-0.23415813044880152,-0.15652855527460327,-0.14634501063105304,0.17016552207037058,0.17867279050606089,-0.8337778206167478,0.2813099999912083
38.400000000000006,38.5,0.3811986261686378,0.4265531733029939,-0.41836588197884367,-0.3902661983629321,-0.2608837001002795,-0.24391119462861596,0.2836106589355884,0.2977894611615238,0.22871917570118266,0.2559319039817963,-0.2510195291873062,-0.23415971901775923,-0.1565302200601677,-0.14634671677716957,0.17016639536135303,0.17867367669691428,-0.8337090426993566,0.4072189985890873
38.5,38.6,0.3812012365765198,0.4265558844747546,-0.41836856573675163,-0.3902688335141612,-0.26088646188915654,-0.24391402506182275,0.2836121066660174,0.2977909303214351,0.22872074194591185,0.25593353068485275,-0.25102113944205096,-0.2341613001084967,-0.15653187713349392,-0.14634841503709364,0.17016726399961044,0.17867455819286107,-0.833640483288678,0.2967850014101714
38.6,38.7,0.3812038341114402,0.42655858275678843,-0.4183712366421109,-0.3902714561816164,-0.26088921082327104,-0.24391684231217844,0.28361354660464877,0.29779239165212484,0.22872230046686412,0.25593514965407305,-0.25102274198526653,-0.23416287370896982,-0.15653352649396263,-0.14635010538730706,0.17016812796278927,0.1786754349912749,-0.8335721415482008,0.3226629996788688
38.7,38.800000000000004,0.38120641928115906,0.4265612681742966,-0.41837389476278014,-0.3902740664183674,-0.2608919469509482,-0.24391964643621464,0.28361497879816533,0.29779384519384255,0.22872385156869543,0.25593676090457795,-0.25102433685766806,-0.23416443985102045,-0.15653516817056892,-0.14635178786172878,0.1701689872788992,0.17867630711630553,-0.8335040172507864,0.2885000067180954
38.800000000000004,38.900000000000006,0.38120899202489,0.4265639408763738,-0.41837654004403446,-0.3902766643890921,-0.26089467036719466,-0.24392243764110413,0.28361640341328076,0.2977952910187681,0.22872539521493399,0.25593836452582425,-0.25102592402642065,-0.23416599863345525,-0.1565368022203168,-0.14635346258466247,0.17016984204796845,0.17867717461126087,-0.8334361096898818,0.29709600494243205
38.900000000000006,39.0,0.3812115523693851,0.42656660093505605,-0.41837917251974166,-0.39027925016280296,-0.26089738110447425,-0.2439252159891336,0.2836178204864199,0.2977967291390066,0.22872693142163103,0.25593996056103363,-0.251027503511845,-0.23416755009768175,-0.15653842866268455,-0.14635512959348015,0.17017069229185194,0.17867803748340397,-0.8333684179038886,0.32679099967936054
39.0,39.1,0.3812141003745076,0.4265692483947014,-0.41838179225404865,-0.39028182377744514,-0.2609000791797655,-0.24392798152143694,0.2836192300381189,0.29779815958243244,0.22872846022470456,0.2559415490368208,-0.2510290753524292,-0.23416909426646706,-0.1565400475078593,-0.14635678891286216,0.17017153802287133,0.17867889574945947,-0.8333009410818121,0.31784200109541416
39.1,39.2,0.3812166360971719,0.4265718833034787,-0.41838439930766563,-0.39028438527601733,-0.2609027636721057,-0.24393073429025156,0.28362063209786115,0.2977995823999732,0.2287299816583031,0.25594312998208724,-0.25103063958459937,-0.23417063116561038,-0.1565416582032634,-0.14635844057415093,0.17017237925871667,0.1786797494399839,-0.8332336778590178,0.29467500280588865
39.2,39.300000000000004,0.3812191595888899,0.42657450571551553,-0.41838699373732685,-0.3902869347071381,-0.26090543622375406,-0.24393347440345836,0.2836220266934315,0.2978009976930461,0.22873149575333393,0.2559447034293093,-0.2510321962423961,-0.23417216082428285,-0.15654326173425243,-0.146360084642075,0.1701732160160589,0.17868059861582763,-0.8331666289919267,0.29198899574112147
39.300000000000004,39.400000000000006,0.38122167089970505,0.42657711568654527,-0.41838957559935436,-0.39028947212021575,-0.260908096595947,-0.2439362018131093,0.2836234137615144,0.29780240544917924,0.228733002539823,0.25594626941192716,-0.2510337453596126,-0.23417368327212945,-0.1565448579575682,-0.14636172108786558,0.17017404825690863,0.17868144326950755,-0.8330997926360757,0.27942499582422897
39.400000000000006,39.5,0.38122417008008297,0.42657971327117405,-0.41839214494963595,-0.39029199756429367,-0.26091074463216696,-0.24393891661837014,0.2836247933877954,0.29780380568658316,0.22873450204804976,0.25594782796270443,-0.25103528696978156,-0.23417519853857618,-0.15654644677930016,-0.14636334997102207,0.17017487603267722,0.1786822834119499,-0.8330331681509632,0.32229100179392844
39.5,39.6,0.3812266571808513,0.4265822985233097,-0.4183947018437804,-0.3902945110882984,-0.26091338028497635,-0.2439416189094983,0.28362616565020643,0.2978051983646957,0.22873599430851077,0.2559493791139858,-0.25103682110626824,-0.23417670665297902,-0.15654802817098581,-0.14636497134569898,0.17017569939012386,0.17868311901881742,-0.8329667547680337,0.31783599843038246
39.6,39.7,0.3812291322526963,0.42658487149677404,-0.41839724633724107,-0.39029701274109196,-0.2609160036178305,-0.24394430874370632,0.2836275305955078,0.29780658353641004,0.22873747935161776,0.2559509228980644,-0.25103834780234463,-0.23417820764465516,-0.1565496021706983,-0.14636658524622378,0.17017651835730468,0.178683950121846,-0.8329005518061815,0.35604600270744413
39.7,39.800000000000004,0.3812315953459794,0.4265874322454689,-0.4183997784854562,-0.39029950257132445,-0.2609186147004099,-0.24394698615935473,0.2836288882502735,0.29780796125619524,0.22873895720758763,0.25595245934728134,-0.2510398670912737,-0.23417970154279466,-0.15655116882024592,-0.14636819169561283,0.1701773329501641,0.17868477675371713,-0.8328345585090544,0.2877549995901063
39.800000000000004,39.900000000000006,0.3812340465107572,0.4265899808232976,-0.4184022977381108,-0.390301980057095,-0.2609212135907963,-0.2439496511991653,0.2836302386427749,0.2978093315665315,0.22874042790645432,0.25595398849397855,-0.25104137864286646,-0.23418118803425697,-0.15655272815447777,-0.14636979071949918,0.17017814318566496,0.1786855989399189,-0.832768773299279,0.2870540047297254
39.900000000000006,40.0,0.3812364858437309,0.4265925172883693,-0.4184048047456698,-0.3903044456791797,-0.26092380007567534,-0.24395230364311354,0.2836315815906853,0.2978106942882779,0.22874189150623853,0.25595551037302156,-0.2510428828474019,-0.23418266740750782,-0.1565542800454052,-0.14637138218586812,0.17017894895441119,0.17868641657296672,-0.8327031960644091,0.3305569989606738
