time_s,x_m,y_m,z_m,roll_rad,pitch_rad,yaw_rad,u_mps,v_mps,w_mps,p_radps,q_radps,r_radps,ref_x_m,ref_y_m,ref_z_m,ref_roll_rad,ref_pitch_rad,ref_yaw_rad,position_error_m,attitude_error_deg
0.0,1.3065714730212392,0.36742950229180726,3.862879846961108,0.0028053822332329004,0.042097189458824014,1.2719751324360815,0.19361774607741505,0.09103882072730199,0.012901385751434197,0.011274932731464689,-0.015716568201052095,0.2034626129376876,1.1760798934094898,0.23840319695407344,4.0,0.0,0.0,1.7707963267948965,0.22908028328095995,28.68364704105468
0.1,1.3019727180751037,0.3877570424485861,3.8643541515424347,0.004426705358871352,0.03735821659758898,1.3393407953233298,0.17514361762240338,0.10589954453831792,0.030884795760772247,-0.034243617918471594,-0.07251286326723741,1.1323676629337047,1.1708292198018164,0.262980870137487,4.0,0.0,0.0,1.7917402778188285,0.2262023574583996,26.013237715265543
0.2,1.2943515519690716,0.40693348841007065,3.867701606027195,0.0041893133892356715,0.030806419247009664,1.446492954668809,0.1737594199238636,0.11228038044753907,0.046653623783923376,-0.0427707353636905,-0.045499126284847716,0.9908568002052257,1.1650649818020702,0.2874431912196592,4.0,0.0,0.0,1.8126842288427605,0.22021765005553795,21.059536509448233
0.30000000000000004,1.2844800651307633,0.4256147324390522,3.872521059025113,0.00270786859767691,0.026883170143607416,1.5361484894677853,0.18035133797011646,0.11411087172282289,0.05878622587923924,-0.03831247026395356,-0.026082505373474632,0.8089713911424548,1.158789707795548,0.31177943021807625,4.0,0.0,0.0,1.8336281798666927,0.2121495282834108,17.116050104001765
0.4,1.2730901155360952,0.4442595372044077,3.8783888148682215,0.001079163579999598,0.024523793055203136,1.611472064318689,0.18993172050089857,0.11244076453780795,0.06735223215658577,-0.033021612934813385,-0.017794146519081743,0.7033783362209598,1.152006150324829,0.335978912453993,4.0,0.0,0.0,1.8545721308906244,0.20291697976458,13.999844322502392
0.5,1.260606989783165,0.46305706206903324,3.884952591695093,-0.00043716535534787937,0.02298830114293393,1.677599213393222,0.1997997549648027,0.10868010589809052,0.07289443654880669,-0.028740221378400998,-0.011970799188343125,0.6228251748707543,1.1447172848824179,0.36003102323470054,4.0,0.0,0.0,1.8755160819145562,0.1930820927417964,11.415531529423907
0.6000000000000001,1.2472551016540683,0.48202428442820683,3.8919343731290166,-0.0017997370008715485,0.022054397619938104,1.7362409105205527,0.2086162702129105,0.10414227568247206,0.07604205353623035,-0.024846810552448733,-0.007651806090823337,0.5526045292438517,1.1369263086055972,0.38392521250948086,4.0,0.0,0.0,1.8964600329384882,0.1829591489865056,9.265702844867114
0.7000000000000001,1.2331570361473236,0.5010978596967928,3.8991204101680723,-0.0029663219861313372,0.02153223242975555,1.7883708565178704,0.21594025567874794,0.09965558473398915,0.07734937576997362,-0.021079843900159462,-0.005078462052568064,0.4920011653283872,1.1286366388740565,0.40765099949720757,4.0,0.0,0.0,1.9174039839624202,0.172723828037652,7.495261776686938
0.8,1.218386950666633,0.520188492370503,3.906350208753128,-0.003910781311295963,0.02124140679889086,1.8349371829772547,0.22180544030097313,0.09561296471622134,0.07726535139258836,-0.017593374241401467,-0.003869566240895466,0.44088903625800174,1.119851911810916,0.4311979772835633,4.0,0.0,0.0,1.9383479349863522,0.1624769185402013,6.0504094824577574
0.9,1.2029974426680914,0.5392089670189465,3.9135053344898316,-0.004637943279534262,0.02105031851420147,1.8768357826190796,0.2264324772335329,0.09212718476285855,0.07614252305545749,-0.014541535361499106,-0.0035593480411390626,0.39828464314075845,1.1105759806878035,0.454555817385856,4.0,0.0,0.0,1.9592918860102841,0.15228003657437214,4.8803498126468
1.0,1.1870328404355621,0.5580864237746253,3.9204995723713214,-0.00517160962647889,0.02087313098715926,1.9148542348707727,0.23008001975988468,0.08915769321709327,0.07425323321551465,-0.011948485325468026,-0.0038137468277633702,0.3629964845225528,1.1008129142346816,0.4777142742834331,4.0,0.0,0.0,1.9802358370342164,0.14217551153789662,3.940501787246915
1.1,1.1705354320713823,0.5767659108416471,3.927271112890223,-0.005540088300783452,0.020656741231327214,1.9496661352486102,0.2329812626551205,0.08659220233844607,0.07180609742380736,-0.00976003612169802,-0.004399425532939019,0.3339256515927652,1.0905669948551697,0.5006631899117051,4.0,0.0,0.0,2.001179788058148,0.13219707297807554,3.1926925981624708
1.2000000000000002,1.1535479791277539,0.5952096139277324,3.933776583026341,-0.00576914149366381,0.020371081788530088,1.9818421886134292,0.23532383906633314,0.08429536794632744,0.06896062257979821,-0.007905806454566688,-0.005151034114224955,0.3101004482266567,1.0798427167481381,0.5233924981178086,4.0,0.0,0.0,2.02212373908208,0.12237526212993834,2.6043257393428965
1.3,1.1361142870824823,0.6133943154247077,3.939986539502454,-0.005880451150737542,0.020002060109436837,2.0118622205338372,0.23724942393061768,0.08213638127784417,0.0658391018340153,-0.006325481019610597,-0.005955670158929187,0.2906644692874966,1.0686447839364053,0.5458922290759538,4.0,0.0,0.0,2.043067690106012,0.1127398818391417,2.1474352659715015
1.4000000000000001,1.118278790109253,0.6313084077311955,3.9458820842297233,-0.005892143353400492,0.01954619441487182,2.040126293557468,0.2388608511752384,0.08000312091247537,0.06253580828983946,-0.004972710996342485,-0.006739986658654126,0.2748710999860678,1.0569781082033973,0.5681525136605196,4.0,0.0,0.0,2.064011641129944,0.10332080799775088,1.7977632809508919
1.5,1.1000856909405028,0.6489490625722099,3.9514523283323917,-0.005819649617420541,0.019006719650619175,2.066965396022317,0.24023090660429247,0.07780783255640027,0.0591239156570042,-0.0038127056795562502,-0.007458768084009587,0.2620796095768551,1.0448478069386786,0.5901635877749775,4.0,0.0,0.0,2.084955592153876,0.09414792775457635,1.5339539301683682
1.6,1.0815779755937907,0.6663197842710475,3.9566924898896008,-0.005676441471338389,0.018390892042559503,2.0926516035577665,0.24141034938915765,0.07548770925599753,0.05566064014076594,-0.0028194381844186753,-0.00808615620859973,0.25174783579552823,1.0322592008932936,0.6119157966347485,4.0,0.0,0.0,2.1058995431778076,0.08525066475196133,1.3370500920354802
1.7000000000000002,1.062796491083228,0.6834283997950859,3.961602461288112,-0.005474581459650185,0.01770817422435922,2.11740738533343,0.2424343823946274,0.07300266447870776,0.05219103450356688,-0.0019733053179127333,-0.008609358408737203,0.24342203853066938,1.019217811845911,0.6333995990021093,4.0,0.0,0.0,2.12684349420174,0.0766573751962798,1.1904189454592602
1.8,1.043779185825409,0.7002854624515297,3.9661857236684788,-0.005225096544981156,0.016969038548246385,2.141413855085302,0.24332753842478522,0.07033181669622612,0.04875078285403439,-0.0012590652725692213,-0.009024229702045907,0.23672573852887754,1.0057293601807893,0.6546055713712954,4.0,0.0,0.0,2.1477874452256716,0.06839478755367627,1.0799999394718818
1.9000000000000001,1.0245605517892442,0.7169030165002515,3.9704485181022533,-0.004938190813712051,0.01618419592066278,2.164817921174688,0.24410721473722635,0.0674696232843291,0.045368258827784655,-0.0006641469442773483,-0.009332217763862286,0.23134871838004853,0.9917997623786261,0.6755244121019615,4.0,0.0,0.0,2.168731396249604,0.06048758804176194,0.9945655306310226
2.0,1.0051712683070788,0.7332936615974478,3.974399207302966,-0.0046233314890029575,0.015364111630052246,2.1877383833890818,0.244786153862926,0.06442221254004624,0.042066051772741316,-0.00017740106250747312,-0.009538293152827126,0.22703685521494518,0.977435128421395,0.696146945499189,4.0,0.0,0.0,2.1896753472735355,0.05295821522067538,0.9257211900137978
2.1,0.9856380250093578,0.7494698576217251,3.978047779302928,-0.004289252071398408,0.014518712975160941,2.210271066596369,0.2453741407553835,0.061204180306840224,0.03886210179736762,0.00021165531720918168,-0.009649518886755219,0.22358294773724835,0.9626417591123053,0.716464125838249,4.0,0.0,0.0,2.2106192982974675,0.04582691970123736,0.8675912336920435
2.2,0.9659834913522951,0.7654434164238297,3.981405457258055,-0.003943916168852368,0.01365722193672303,2.232493098296347,0.24587913423251487,0.0578359569357749,0.03577055585389479,0.0005131894849453768,-0.009674141375124309,0.22081871594694255,0.9474261433120612,0.7364670413323556,4.0,0.0,0.0,2.2315632493213995,0.03911217840404944,0.816316343868236
2.3000000000000003,0.9462264023820117,0.7812251381849328,3.9844843890643684,-0.003594469092036867,0.012788068750974713,2.254466444289763,0.24630800082975712,0.054341626544183966,0.03280241924413515,0.0007372925818563766,-0.009620935235678005,0.21860792309825694,0.9317949550926338,0.7561469180416704,4.0,0.0,0.0,2.2525072003453315,0.032831661230067435,0.769521725180208
2.4000000000000004,0.9263817294946993,0.7968245562355509,3.9872973971190055,-0.0032471865023580015,0.011918858588209513,2.2762408113253496,0.24666697616918243,0.050747349649622374,0.029966058035589112,0.0008940045913746795,-0.009498793788145119,0.21684056199136453,0.9157550508097914,0.7754951237218428,4.0,0.0,0.0,2.2734511513692635,0.027004205435105004,0.7258571555763902
2.5,0.906460895238564,0.8122497494533822,3.989857773655941,-0.002907446180221207,0.011056369825953816,2.297856017972662,0.24696194290582046,0.04708047510764094,0.027267594923384948,0.0009930903278092236,-0.009316471742622456,0.21542800585164404,0.8993134660956763,0.7945031716103975,4.0,0.0,0.0,2.2943951023931954,0.021653903197895844,0.6846438839669462
2.6,0.886472013259461,0.8275071999701121,3.992179110943704,-0.002579731089733084,0.010206573863940971,2.319343922487766,0.24719859105598094,0.04336866985362457,0.024711226029196474,0.0010438594516327126,-0.009082372366643296,0.21429897496801337,0.8824774127727437,0.8131627241493085,4.0,0.0,0.0,2.3153390534171274,0.01681924865304605,0.6456229740442894
2.7,0.8664201519575799,0.8426016906957097,3.994275158396993,-0.002267654368740768,0.009374666995898284,2.340729984838015,0.24738249479100496,0.03963929773757662,0.022299479143013726,0.0010550827323133223,-0.00880448694133396,0.21339623239164454,0.8652542756904179,0.8314655966421282,4.0,0.0,0.0,2.3362830044410594,0.012575598181401406,0.6087838144101482
2.8000000000000003,0.846307610075023,0.8575362307345002,3.9961597006866594,-0.0019740000824879367,0.00856510843521141,2.362034529534469,0.24751913989320354,0.03591900944887974,0.020033426978292017,0.001034899747237735,-0.00849030105683382,0.2126738836190738,0.847651609485853,0.8494037608440658,4.0,0.0,0.0,2.3572269554649914,0.009093475669466512,0.574250187445716
2.9000000000000004,0.8261341955622388,0.8723120001067918,3.9978464525988877,-0.0017007799450676764,0.007781663819418139,2.38327376361293,0.24761392195117207,0.032233481792011215,0.01791287081335377,0.0009907074248929023,-0.008146762146074616,0.21209516049668276,0.8296771352702199,0.8669693484834403,4.0,0.0,0.0,2.3781709064889234,0.006762700241155669,0.5422054298037442
3.0,0.8058975026570159,0.8869283085716235,3.9993489675340466,-0.001449301486883936,0.007027450013358916,2.4044605964053014,0.24767212797853397,0.028607252899897004,0.0159364968087755,0.0009291390482803768,-0.007780277031715225,0.21163065692494218,0.8113387372419719,0.884154654712965,4.0,0.0,0.0,2.3991148575128554,0.006141989320073652,0.5128428926304247
3.1,0.7855931846049669,0.901382565870897,4.0006805573030935,-0.0012202431127352753,0.0063049811011399726,2.4256052985883283,0.24769890970048064,0.025063619450795036,0.014102014291577371,0.0008560143785737211,-0.00739669017433894,0.21125686003645927,0.7926444592285733,0.9009521414893482,4.0,0.0,0.0,2.420058808536787,0.007097104846945809,0.4863324818935368
3.2,0.7652152211131016,0.9156702625832889,4.001854221748213,-0.0010137351628753954,0.005616214292105237,2.4467160309613956,0.2476992529115869,0.02162456429085337,0.012406281285498014,0.0007763261099342253,-0.00700131654661384,0.21095500138190124,0.7736025011582127,0.9173544408797274,4.0,0.0,0.0,2.4410027595607193,0.008753345724970621,0.46279751637439326
3.3000000000000003,0.7447561807422913,0.9297849624201557,4.002882587150582,-0.0008294416848597663,0.004962595012069304,2.4677992688743995,0.2476779481665199,0.018310693152411118,0.010845418127574974,0.0006942797834813774,-0.00659893791381026,0.21071010334798826,0.7542212154630424,0.9333543582934891,4.0,0.0,0.0,2.461946710584651,0.01051840186750315,0.44229884316163154
3.4000000000000004,0.7242074789484244,0.943718307778053,4.003777852588351,-0.0006666403898298867,0.0043451015854416575,2.4888601421808634,0.2476395617307191,0.015141167963685502,0.009414911386919111,0.0006133153531670942,-0.0061938347086677855,0.21051023340228495,0.7345091034155258,0.9489448756380532,4.0,0.0,0.0,2.4828906616085833,0.012153709245974328,0.42482511512893567
3.5,0.7035596326615186,0.9574600409940632,4.004551743778527,-0.0005243006969659625,0.003764288884740452,2.509902708071343,0.24758840878740385,0.012133626009364266,0.008109712376372025,0.0005361436365263442,-0.005789794559504427,0.21034589650969038,0.7144748113994985,0.9641191543972409,4.0,0.0,0.0,2.503834612632515,0.013572151252612467,0.410289295249054
3.6,0.6828025121784564,0.9709980443563687,4.005215474099549,-0.0004011562856756079,0.0032203312073675328,2.5309301696928497,0.24752852966774713,0.009304077860315335,0.006924328816136315,0.00046483209112787015,-0.005390142984759787,0.21020955063550772,0.6941271271175778,0.9788705386308743,4.0,0.0,0.0,2.524778563656447,0.014745312465477205,0.39853170754222444
3.7,0.6619255907765809,0.9843184020366909,4.005779712492471,-0.00029577142082137797,0.002713062801471544,2.5519450510684134,0.247463667909869,0.006666785267693589,0.005852910969660628,0.00040084511974807,-0.004997781423570878,0.21009521021092564,0.6734749757365873,0.9931925578942903,4.0,0.0,0.0,2.545722514680379,0.01566984402076206,0.38932943310132023
3.8000000000000003,0.6409181919373008,0.9974054871392692,4.00625455809172,-0.0002066013306523118,0.0022420177455342305,2.5729493375756114,0.24739725210063404,0.0042341147067104495,0.004889334236683724,0.0003451271123527727,-0.004615183350733937,0.2099981494308434,0.6525274159726827,1.0070789300764929,4.0,0.0,0.0,2.566666465704311,0.01635448188987063,0.3824110226612184
3.9000000000000004,0.6197697335043152,1.0102420768066842,4.006649521415187,-0.0001320453732209792,0.001806467922869981,2.593944589289306,0.24733237860159574,0.0020163742789348193,0.004027276569764845,0.0002981582211414728,-0.004244458606154367,0.20991465099693074,0.6312936361178997,1.020523564155694,4.0,0.0,0.0,2.5876104167282428,0.016814441667990575,0.3774744243084182
4.0,0.5984699672952378,1.0228094975906694,4.006973511865949,-7.049379404433509e-05,0.00140545911079748,2.6149320313459885,0.24727179736024163,2.1640027701696368e-05,0.0032602908237041577,0.0002600236781790018,-0.00388734287484856,0.20984179516496124,0.6097829500098656,1.0335205628710373,4.0,0.0,0.0,2.6085543677521748,0.017068695471133766,0.37420549880685094
4.1000000000000005,0.5770091860331066,1.0350877568605443,4.00723483129225,-2.0366143068883957e-05,0.0010378460435025438,2.6359126262388504,0.2472179121770795,-0.0017423023727397506,0.002581873185489729,0.00023050269980467829,-0.0035452479664755286,0.2097772984256832,0.5880047929464423,1.0460642253093313,4.0,0.0,0.0,2.6294983187761067,0.017138524289655926,0.372294781056045
4.2,0.5553781902691903,1.0470552775251327,4.007441173371245,1.985573022489362e-05,0.0007023247097603935,2.656887125503032,0.2471728670360075,-0.003263175036199534,0.0019855266835746388,0.0002090771137692477,-0.0032192786155705406,0.20971924346279175,0.5659687175470924,1.058149049405659,4.0,0.0,0.0,2.6504422698000387,0.017047055572798297,0.37145047714748225
4.3,0.5335684251893844,1.0586889182309025,4.0075996284985,5.160058437958526e-05,0.00039746323719391796,2.6778561038617497,0.24713852569640454,-0.0045347409251009895,0.0014648188408509487,0.00019505406638991468,-0.0029102579833359477,0.209666087810363,0.5436843895627858,1.0697697343567638,4.0,0.0,0.0,2.6713862208239707,0.01681878635735322,0.37140701566627077
4.4,0.511572455564995,1.0699646714552424,4.0077166936785025,7.61938098099435e-05,0.00012173019145489405,2.6988200063260344,0.24711633173393296,-0.0055589774713142625,0.0010134349998294,0.00018767129080871415,-0.002618761979519679,0.20961685336071192,0.5211615836362792,1.0809211829461598,4.0,0.0,0.0,2.6923301718479027,0.016478588609038548,0.3719308869929173
4.5,0.4893843652060457,1.0808583704382786,4.007798286946517,9.484825291572463e-05,-0.00012647862962378298,2.719779199363133,0.2471072399046792,-0.006344726819736233,0.0006252258515594513,0.00018607715801415923,-0.0023451190757880296,0.20957099661083642,0.4984101790146389,1.0915985037799363,4.0,0.0,0.0,2.7132741228718347,0.016050827343293005,0.3728238228227932
4.6000000000000005,0.46700003101407794,1.0913463012517655,4.007849765784849,0.00010865473363796951,-0.0003488162766887015,2.7407340066097206,0.24711171109032387,-0.006906223859171855,0.00029424758946364405,0.00018934557378715684,-0.002089473999910219,0.20952824126822428,0.4754401552158721,1.1017970134322872,4.0,0.0,0.0,2.734218073895766,0.01555866011258051,0.3739229165632664
4.7,0.4444172802699072,1.1014057085495437,4.007875948902879,0.00011857550823046736,-0.0005469627505156893,2.761684730809298,0.2471297496267615,-0.007261671087857455,1.4794463687677008e-05,0.00019651342465186835,-0.0018517659092741208,0.20948847478212523,0.45226158765158353,1.1115122384998146,4.0,0.0,0.0,2.7551620249196986,0.015023504153649057,0.37509854912934926
4.800000000000001,0.4216359469371513,1.1110151942860813,4.007881141611786,0.00012544225167276934,-0.0007226044335939541,2.7826316668718754,0.24716096086694803,-0.007431944299673054,-0.00021854765993538865,0.00020662551614063142,-0.0016317791697413515,0.20945167445530447,0.4288846432075658,1.1207399175637134,4.0,0.0,0.0,2.77610597594363,0.014464654629553379,0.376251069587953
4.9,0.3986578456043705,1.1201550153155164,4.007869168264141,0.00012995907232937753,-0.00087741477582437,2.803575108665643,0.24720461961481496,-0.007439475948093353,-0.0004108340349877192,0.00021878231500726611,-0.001429112735105151,0.20941785700584273,0.4053195757842672,1.129476003058968,4.0,0.0,0.0,2.7970499269675626,0.01389903848014958,0.377306883869819
5.0,0.3754866818643088,1.128807289870852,4.007843403302321,0.00013270947879906458,-0.0010130359010820378,2.8245153524305877,0.24725973926923098,-0.007307329277716611,-0.0005668429259346497,0.00023216126632241553,-0.0012432502451501836,0.20938706289703857,0.3815767217990926,1.1377166630497497,4.0,0.0,0.0,2.817993877991494,0.013341082872502399,0.3782144507446694
5.1000000000000005,0.3521279164760768,1.136956124725773,4.007806797022716,0.00013416700435975315,-0.0011310683723468884,2.845452697197686,0.2473251390667574,-0.0070584567816530976,-0.0006910729911103339,0.0002460644103680181,-0.0010736310597297017,0.20935931150191603,0.3576664956525082,1.1454582829102309,4.0,0.0,0.0,2.838937829015426,0.01280268068964582,0.37894047665553915
5.2,0.32858859842965776,1.144587675344107,4.007761903717398,0.00013470744510080124,-0.0012330635902202403,2.866387442699149,0.24739950509294398,-0.006715128041093762,-0.0007877140991955297,0.000259894927259954,-0.0009196251159185406,0.2093345990038086,0.3335993851599423,1.1526974669100771,4.0,0.0,0.0,2.859881780039358,0.01229324416978828,0.3794664212637744
5.300000000000001,0.30487717948949655,1.1516901507705266,4.007710912046433,0.0001346216062088068,-0.0013205142266494718,2.8873198871877808,0.24748144557386223,-0.006298501900417324,-0.0008606296408289278,0.0002731914345381825,-0.0007805185421543571,0.20931289823837795,0.30938594695148247,1.1594310397039294,4.0,0.0,0.0,2.88082573106329,0.011819835451196912,0.3797854228003527
5.4,0.2810033204416985,1.1582537739247367,4.007655676506218,0.0001341290402292472,-0.0013948466532900383,2.908250324343511,0.24756953567829312,-0.0058283222931995666,-0.0009133491441838964,0.0002856045457587874,-0.0006555634438915784,0.209294140892575,0.28503680184138863,1.165656047724213,4.0,0.0,0.0,2.901769682087222,0.011387361958413226,0.379899610645624
5.5,0.2569776969694372,1.164270706626772,4.0075977490942565,0.00013339050915472939,-0.0014574145564747454,2.9291790399585063,0.2476623572966265,-0.005322709807846391,-0.0009490691398819141,0.0002968944549393353,-0.0005439444474493117,0.20927823295039824,0.26056263016945297,1.1713697604766724,4.0,0.0,0.0,2.9227136331111536,0.010998822796628638,0.37981780353473593
5.6000000000000005,0.23281181098283713,1.1697349473061038,4.007538410483155,0.00013251962152605046,-0.0015094930125645334,2.950106309173373,0.2477585320967057,-0.004798033205574407,-0.0009706593188538591,0.00030691223401278,-0.0004448198245243105,0.2092650491272655,0.23597416711624905,1.1765696717380543,4.0,0.0,0.0,2.943657584135086,0.010655589471623508,0.37955358640126274
5.7,0.2085178118897033,1.1746422080219363,4.007478700185283,0.00013159368119763926,-0.0015522754288461726,2.971032393939545,0.24785674594247928,-0.004268838351074496,-0.00098067463836396,0.0003156020388586046,-0.000357330868677962,0.2092544444784283,0.21128219799432932,1.1812535006554203,4.0,0.0,0.0,2.9646015351590176,0.010357701351282582,0.3791237347814319
5.800000000000001,0.18410833089854642,1.1789897763266075,4.007419445315213,0.00013066258550287202,-0.0015868718160523265,2.9919575405853625,0.2479557701837684,-0.0037478259701925706,-0.000981370078046971,0.00032295594723974176,-0.0002806160076971329,0.20924624404126207,0.1864975535174268,1.1854191927466058,4.0,0.0,0.0,2.98554548618295,0.010104155036901694,0.37854692083896285
5.9,0.15959633040664772,1.1827763666839872,4.007361287665303,0.00012975562012140784,-0.0016143073873684521,3.012881978075539,0.24805447685533574,-0.003245863005214733,-0.0009747189514435697,0.00032902023567697426,-0.00021380005675526113,0.20924026894226952,0.1616311050497503,1.1890649208013817,4.0,0.0,0.0,3.0064894372068816,0.00989316818956138,0.37784268041836183
6.0,0.13499496981380568,1.1860019652644567,4.007304708878411,0.0001288876692737695,-0.001635522803738354,3.0338059169723737,0.24815185019639657,-0.0027720216756992556,-0.0009624321656303875,0.00033387394229875535,-0.00015603624126996095,0.20923632223534117,0.13669375983744075,1.1921890856829314,4.0,0.0,0.0,3.027433388230814,0.009722402913654593,0.37703062545296434
6.1000000000000005,0.11031748849820337,1.1886676715441287,4.007250053673833,0.00012806413361765578,-0.0016513761771537183,3.0547295480995107,0.24824699373621867,-0.002333640609219527,-0.0009459784921256049,0.0003376268146921358,-0.00010649498356811704,0.20923419924097145,0.1116964562242955,1.1947903170292828,4.0,0.0,0.0,3.0483773392547455,0.009589140628854447,0.3761298174616025
6.2,0.08557710617249169,1.1907755396292163,4.007197551051855,0.00012728456263966237,-0.0016626449347612038,3.075653042178568,0.2483391352087118,-0.0019364017428687309,-0.0009266055754303284,0.0003403948562405635,-6.437237644977276e-05,0.20923369587597268,0.08665015885384786,1.1968674738543958,4.0,0.0,0.0,3.069321290278678,0.00949040809475249,0.37515831905740143
6.300000000000001,0.06078694048401101,1.1923284219680674,4.007147333461569,0.000126544946242646,-0.0016700288924713647,3.096576549271372,0.24842762737747673,-0.0015844237189664974,-0.0009053607542450812,0.00034230091743379373,-2.8904056686388222e-05,0.20923459606809652,0.061565853859912395,1.1984196450486364,4.0,0.0,0.0,3.0902652413026095,0.009423061088376851,0.37413285399929713
6.4,0.035959941393538225,1.193329817867147,4.0070994539912865,0.0001258394280037045,-0.0016741539813125428,3.117500198957833,0.24851194756932848,-0.0012803653268470925,-0.0008831113980561637,0.00034346262837531966,6.36857440206059e-07,0.20923670087046284,0.036454544047703485,1.1994461497784192,4.0,0.0,0.0,3.111209192326542,0.009383836891631742,0.3730686008576952
6.5,0.011108841546473864,1.1937837290447801,4.007053901678317,0.00012516217259239681,-0.0016755760205864334,3.1384241007946,0.24859169448092364,-0.001025543030145036,-0.0008605639080157162,0.00034401087394475164,2.4937042929831096e-05,0.2092398022153291,0.011327244067641566,1.1999465377848433,4.0,0.0,0.0,3.1321531433504735,0.009369388460044375,0.37197907018897686
6.6000000000000005,-0.013753878337319163,1.193694524244953,4.007010614981927,0.00012450825006826705,-0.0016747852222276371,-3.1238369627942393,0.24866658319157245,-0.000820054114655664,-0.0008382834305096263,0.00034404991850553224,4.463183601165359e-05,0.2092437045146762,-0.013805024416037604,1.1999205895811909,4.0,0.0,0.0,-3.130088212805181,0.009376312063774771,0.3708760228991278
6.7,-0.03861601025710222,1.1930668145885137,4.006969493535103,0.00012387277047753997,-0.0016722110188402972,-3.1029123064391975,0.2487364381224043,-0.0006629094946426436,-0.0008167106890475303,0.0003436687288450353,6.031051319564176e-05,0.20924822677383434,-0.03893123755974758,1.199368316549202,4.0,0.0,0.0,-3.109144261781249,0.009401177338436742,0.3697695043190268
6.800000000000001,-0.06346562736277006,1.1919053413707106,4.006930408338884,0.00012325162627657704,-0.0016682263488858595,-3.0819871839762825,0.2488011861150479,-0.0005521738030037941,-0.0007961785250714722,0.0003429621917937505,7.252120753557246e-05,0.2092531921873126,-0.06404037417597441,1.198289960934081,4.0,0.0,0.0,-3.088200310757317,0.00944056463416964,0.36866788009060747
6.9,-0.08829108153417006,1.1902148775192025,4.006893210441349,0.00012264235727110773,-0.001663152266826451,-3.0610615587945524,0.2488608459002436,-0.0004851069216479922,-0.0007769276973543818,0.0003420121727169229,8.175992861608548e-05,0.20925843968387992,-0.0891214205675335,1.1966859957382407,4.0,0.0,0.0,-3.067256359733385,0.009491110793991023,0.3675779016947216
7.0,-0.11308099178645918,1.1880001436387515,4.006857738277229,0.00012204336700349927,-0.0016572630095521568,-3.0401354098260236,0.24891551921734975,-0.00045830997473677595,-0.0007591201257623534,0.0003408775114588231,8.847334447497866e-05,0.20926381629132307,-0.11416337535854092,1.1945571245138278,4.0,0.0,0.0,-3.0463124087094533,0.00954956159581148,0.3665048091711335
7.1000000000000005,-0.13782422530652835,1.1852657393250565,4.006823823812346,0.00012145344185965357,-0.0016507903822104986,-3.0192087301882737,0.2489653797580436,-0.0004678696600186487,-0.0007428518735701716,0.00033961298431128725,9.306884136590327e-05,0.20926918925634738,-0.13915525431998177,1.191904281054121,4.0,0.0,0.0,-3.025368457685521,0.009612827156727961,0.3654524466210425
7.2,-0.16250987283979196,1.1820160899210683,4.006791297561671,0.00012087209912836627,-0.001643927811727064,-2.9982815250444665,0.24901066220773896,-0.0005094999410228476,-0.0007281646156869306,0.00033826670157128635,9.591095078205337e-05,0.20927444864269806,-0.1640860951877532,1.1887286289839392,4.0,0.0,0.0,-3.0044245066615893,0.009678035964592132,0.364423426506149
7.300000000000001,-0.18712722017756425,1.1782554086159427,4.006759992636142,0.00012029941093372187,-0.0016368348542603606,-2.9773538105934545,0.24905165046176156,-0.0005786785157848753,-0.000715055620426113,0.00033687468255734243,9.731647455568692e-05,0.2092794817260185,-0.18894496247107967,1.1850315612492361,4.0,0.0,0.0,-2.983480555637657,0.009742583435414722,0.36341924414926075
7.4,-0.21166571745959678,1.1739876733616832,4.006729747931618,0.0001197357378912578,-0.0016296411813314648,-2.956425612091915,0.24908866721296208,-0.000670774668869954,-0.0007034870095899109,0.0003354669265777339,9.75699016284979e-05,0.20928422073812436,-0.21372095224917634,1.1808146995061102,4.0,0.0,0.0,-2.9625366046137254,0.0098041717263675,0.3624404423396449
7.5,-0.23611494789487888,1.1692166177241894,4.006700410570956,0.00011918181731873645,-0.001622449865597897,-2.9354969618443256,0.2491220633465495,-0.0007811675902870683,-0.0006933931051807902,0.00033406932248378836,9.692138237121766e-05,0.20928859069601802,-0.2384031969540733,1.1760798934094898,4.0,0.0,0.0,-2.941592653589793,0.009860838641247649,0.36148677057267053
7.6000000000000005,-0.2604645972332944,1.1639457345307647,4.006671837689536,0.00011863801827738385,-0.0016153411619699298,-2.914567898607137,0.24915220685022332,-0.0009053517285068531,-0.0006846879501769624,0.0003326858766674356,9.557921144429117e-05,0.20929253869862213,-0.2629808701374869,1.1708292198018164,4.0,0.0,0.0,-2.9206487025658614,0.009910974571689534,0.36055727403511423
7.7,-0.28470442521988254,1.1581782908681983,4.006643897632484,0.00011810449847038385,-0.0016083757105458396,-2.89363846548274,0.24917947376253843,-0.0010390289673623669,-0.000677271230070953,0.0003313391686271401,9.372921725382236e-05,0.2092960312049438,-0.2874431912196591,1.1650649818020702,4.0,0.0,0.0,-2.899704751541929,0.009953327432127169,0.35965045945391416
7.800000000000001,-0.3088242400815714,1.151917352797965,4.006616470688052,0.00011758194697497615,-0.0016015973997847155,-2.8727087081549567,0.24920423966294883,-0.0011781857621264247,-0.0006710330533814015,0.00033003760497686785,9.152151798881047e-05,0.20929905092209986,-0.3117794302180762,1.158789707795548,4.0,0.0,0.0,-2.8787608005179974,0.009986996361346864,0.3587644379890246
7.9,-0.33281387671983775,1.1451658180162152,4.006589449438728,0.0001170713363887188,-0.0015950361046530581,-2.8517786734843664,0.24922687078756672,-0.0013191542201544085,-0.0006658582444208442,0.0003287944504339663,8.908753248881766e-05,0.20930159264137316,-0.3359789124539927,1.152006150324829,4.0,0.0,0.0,-2.8578168494940654,0.010011415544082386,0.3578970451913127
8.0,-0.35666317923410895,1.1379264546713612,4.006562738787799,0.00011657323892855231,-0.001588709611436645,-2.830848408481764,0.2492477191193758,-0.0014586593738174247,-0.0006616296345162761,0.00032759707964839324,8.653813618741229e-05,0.20930365985722585,-0.3600310232347003,1.1447172848824179,4.0,0.0,0.0,-2.8368728984701335,0.010026329765402495,0.3570459273636568
8.1,-0.38036198807579297,1.1302019445452172,4.006536255699416,0.00011608753669278826,-0.0015826260797644487,-2.8099179594117176,0.24926711544513067,-0.0015938497783785379,-0.0006582315939951736,0.00032645142306969425,8.395489858744136e-05,0.20930526555688095,-0.38392521250948064,1.1369263086055974,4.0,0.0,0.0,-2.8159289474462015,0.010031763501474198,0.3562086286835433
8.200000000000001,-0.4039001318369252,1.1219949287867848,4.006509928740011,0.00011561480110700018,-0.0015767861192639288,-2.788987370553393,0.24928536536029522,-0.0017223140481689085,-0.0006555515738418009,0.00032536657005006927,8.140758018537919e-05,0.20930643821024356,-0.4076509994972077,1.1286366388740565,4.0,0.0,0.0,-2.7949849964222695,0.01002798550499289,0.3553826931061655
8.3,-0.42726742364807285,1.1133080546263756,4.006483697486346,0.00011515556730223864,-0.0015711838693222013,-2.7680566832276132,0.24930274554412896,-0.001842085634567968,-0.0006534820659653924,0.0003243306370933314,7.895563803288155e-05,0.20930720977000647,-0.4311979772835632,1.119851911810916,4.0,0.0,0.0,-2.7740410453983375,0.010015470624368097,0.35456573426400256
8.4,-0.4504536619429888,1.1041440216038805,4.006457511786124,0.00011470989595352421,-0.0015658088391359293,-2.7471259354760784,0.24931950220719126,-0.0019516345162404155,-0.0006519222592507474,0.00032334388973289833,7.663157893139691e-05,0.20930761549586857,-0.45455581738585593,1.1105759806878035,4.0,0.0,0.0,-2.7530970943744055,0.009994860449382616,0.35375548033049325
8.5,-0.47344863519640434,1.094505626011361,4.006431330960122,0.00011427793042351198,-0.001560647340461685,-2.726195161362193,0.24933584943834233,-0.002049850129957646,-0.0006507784279334709,0.0003224020920483892,7.446693131550707e-05,0.20930770146103056,-0.47771427428343277,1.1008129142346819,4.0,0.0,0.0,-2.732153143350474,0.009966924273387705,0.35294983470091484
8.6,-0.4962421301201277,1.0843958025630425,4.006405122957149,0.00011385953929732295,-0.0015556829977967368,-2.705264390603174,0.24935196844225926,-0.0021360160484843152,-0.0006499649826594443,0.00032149780080371437,7.248296098702871e-05,0.20930750954877916,-0.500663189911705,1.0905669948551697,4.0,0.0,0.0,-2.7112091923265416,0.009932521537017378,0.35214690367211676
8.700000000000001,-0.5188239428021536,1.0738176623664386,4.006378863477191,0.00011345478554503075,-0.0015508980485479107,-2.6843336486868643,0.24936800878902196,-0.0022097768254344357,-0.0006494044686092922,0.00032063586138270404,7.068546061177343e-05,0.20930708404671663,-0.5233924981178086,1.0798427167481381,4.0,0.0,0.0,-2.6902652413026096,0.009892566766783838,0.35134500948789094
8.8,-0.5411838921883871,1.062774526548735,4.0063525351128755,0.00011306346935890943,-0.001546273657413444,-2.6634029566077246,0.2493840891356388,-0.002271101259702758,-0.0006490277199518283,0.0003197971910451323,6.908981947753103e-05,0.20930647175914358,-0.5458922290759539,1.0686447839364053,4.0,0.0,0.0,-2.6693212902786776,0.009847997786587686,0.3505427090190425
8.9,-0.5633118352729891,1.0512699552277684,4.006326126496856,0.00011268511205653198,-0.0015417908052755003,-2.6424723307915405,0.24940029822308324,-0.0023202430074301017,-0.0006487737777902609,0.00031898940952873736,6.768279605952008e-05,0.2093057182265678,-0.5681525136605197,1.0569781082033973,4.0,0.0,0.0,-2.6483773392547456,0.009799747654858859,0.34973881072716567
9.0,-0.5851976834461434,1.0393077715310661,4.006299631485011,0.00011231972892833397,-0.0015374312186393624,-2.6215417835266774,0.24941669773609856,-0.0023576978519681793,-0.00064858987080771,0.00031820545859899846,6.646287439124974e-05,0.20930486143289923,-0.5901635877749777,1.0448478069386786,4.0,0.0,0.0,-2.6274333882308136,0.009748720683642534,0.34893236493008695
9.1,-0.606831419455221,1.026892080528853,4.006273048388116,0.00011196667658053272,-0.0015331768226376497,-2.6006113232076173,0.24943332503569668,-0.002384161150393286,-0.0006484304743092228,0.0003174320066159493,6.542641620544113e-05,0.20930394236975658,-0.6119157966347483,1.0322592008932938,4.0,0.0,0.0,-2.606489437206882,0.009695772707202666,0.34812264095145234
9.200000000000001,-0.6282031144516,1.014027283309802,4.006246379255795,0.00011162531641195628,-0.0015290106939715997,-2.579680954301841,0.2494501950213454,-0.00240048784833265,-0.0006482573672247625,0.000316676290946381,6.455297155453196e-05,0.20930299901948654,-0.6333995990021095,1.019217811845911,4.0,0.0,0.0,-2.5855454861829497,0.009641695492757868,0.34730914331581764
9.3,-0.6493029447023746,1.000718086374807,4.006219629186593,0.00011129521459851688,-0.0015249171392541783,-2.5587506779024283,0.24946730401157705,-0.002407651646909134,-0.0006480393767362296,0.0003159269107269504,6.383821520720348e-05,0.20930206123420572,-0.6546055713712955,1.005729360180789,4.0,0.0,0.0,-2.5646015351590177,0.00958720511761352,0.3464915823047834
9.4,-0.6701212075596232,0.9869695065718948,4.006192805729743,0.00011097541652782539,-0.0015208813744780336,-2.5378204922602525,0.2494846323431969,-0.0024067075001871765,-0.000647750630789693,0.0003151795189930146,6.32669426402469e-05,0.20930115653475673,-0.6755244121019611,0.9917997623786263,4.0,0.0,0.0,-2.543657584135086,0.009532934138613433,0.3456698388824829
9.5,-0.6906483363420803,0.972786872091755,4.006165918357837,0.00011066522807778867,-0.0015168903688680402,-2.5168903930669404,0.24950214651589736,-0.002398758038594491,-0.000647371192775588,0.0003144379674585477,6.281869337827352e-05,0.20930030875948025,-0.6961469454991888,0.9774351284213951,4.0,0.0,0.0,-2.522713633111154,0.009479427132701052,0.34484396193567446
9.600000000000001,-0.7108749139273483,0.958175819869565,4.006138977945348,0.00011036395847785485,-0.0015129324646805387,-2.4959603738796905,0.2495198033918482,-0.0023849212045014205,-0.000646886359585201,0.0003136925201255737,6.248602232714347e-05,0.20929953681699118,-0.7164641258382493,0.9626417591123051,4.0,0.0,0.0,-2.5017696820872217,0.009427139190564126,0.34401413883833
9.700000000000001,-0.7307916848552629,0.9431422898871419,4.006111996342139,0.00011007067260182524,-0.0015089972574311439,-2.475030426523708,0.24953755160052446,-0.002366304096035523,-0.0006462853050945025,0.00031294439987824716,6.225014369413997e-05,0.20929885648632024,-0.7364670413323559,0.947426143312061,4.0,0.0,0.0,-2.4808257310632897,0.009376436988248525,0.34318067105730066
9.8,-0.7503895658331816,0.9276925169213387,4.006084986027764,0.0001097847938917873,-0.0015050757623371602,-2.4541005415088026,0.24955533485405929,-0.0023439786822568188,-0.0006455609744561662,0.0003121951473739829,6.210123095314652e-05,0.20929827813229718,-0.7561469180416707,0.9317949550926334,4.0,0.0,0.0,-2.4598817800393578,0.009327601961917722,0.3423439540559583
9.9,-0.7696596545875295,0.9118330201112725,4.006057959770704,0.00010950553985278333,-0.001501160157363568,-2.433170708363245,0.2495730942428377,-0.002318961630942687,-0.0006447099859403727,0.0003114351505876634,6.202495663205261e-05,0.20929781096461236,-0.7754951237218428,0.9157550508097914,4.0,0.0,0.0,-2.438937829015426,0.009280835167220435,0.34150445440869237
10.0,-0.7885932370407845,0.8955705909677805,4.006030930344458,0.0001092318488553623,-0.001497244273382492,-2.4122409160265876,0.24959076903423785,-0.0022921996443384884,-0.0006437316533057713,0.00031066643412557357,6.20021027663709e-05,0.20929745714501735,-0.7945031716103974,0.8993134660956763,4.0,0.0,0.0,-2.4179938779914942,0.009236263403554212,0.34066269498329677
10.100000000000001,-0.8071817929303912,0.8789122801877259,4.0060039103205485,0.0001089628990502689,-0.001493323233268562,-2.3913111533250895,0.24960830049493868,-0.0022645558701203253,-0.0006426275467236707,0.00030988897364834676,6.20257402260539e-05,0.20929721664459564,-0.8131627241493088,0.8824774127727435,4.0,0.0,0.0,-2.397049926967562,0.00919394625453978,0.3398192239152979
10.200000000000001,-0.825416999928705,0.8618653836299683,4.005976911888185,0.00010869790693179837,-0.0014893929170751719,-2.370381409096619,0.24962563252182787,-0.002236801425574617,-0.0006414011111246919,0.00030910171659917767,6.208676031197144e-05,0.20929708897400898,-0.831465596642128,0.865254275690418,4.0,0.0,0.0,-2.3761059759436303,0.009153883728677004,0.3389745997289752
10.3,-0.8432907363454493,0.8444374279670487,4.005949946702898,0.0001084360618572866,-0.0014854499374110652,-2.349451672372046,0.24964271266015362,-0.0022096097603225406,-0.0006400573627440224,0.0003083036579468074,6.217924125204701e-05,0.20929707032028588,-0.8494037608440658,0.847651609485853,4.0,0.0,0.0,-2.3551620249196983,0.009116024195000324,0.3381293808464881
10.4,-0.8607950825573984,0.82663615632629,4.005923025761194,0.00010817653694061846,-0.0014814919513592706,-2.3285219325553177,0.2496594923444981,-0.00218355378591799,-0.0006386027158634484,0.0003074942884022187,6.228759774167062e-05,0.20929715675948057,-0.8669693484834403,0.82967713527022,4.0,0.0,0.0,-2.3342180738957663,0.009080272398484402,0.3372841201110792
10.5,-0.877922321380484,0.8084695141312791,4.005896159336211,0.00010791869550041966,-0.0014775176780270627,-2.307592179834261,0.24967592917860426,-0.002159105177632366,-0.0006370440568487088,0.00030667732270767877,6.240625904028114e-05,0.20929733594407446,-0.8841546547129652,0.8113387372419717,4.0,0.0,0.0,-2.3132741228718343,0.009046497385401395,0.3364393424834599
10.600000000000001,-0.8946649376039912,0.7899456353799588,4.005869356941073,0.00010766212585933133,-0.0014735263209280092,-2.2866624053694116,0.24969198737499662,-0.0021366370163469696,-0.0006353889874719462,0.00030585278247000883,6.253052526233704e-05,0.20929760081660914,-0.9009521414893483,0.7926444592285732,4.0,0.0,0.0,-2.2923301718479023,0.009014540130456954,0.33559552627447503
10.700000000000001,-0.9110156167967285,0.7710728296407805,4.005842627281429,0.00010740643019824248,-0.0014695175925520942,-2.265732601049445,0.24970763736948604,-0.002116427508810969,-0.000633645614604446,0.0003050208318440219,6.265467427191148e-05,0.2092979433051696,-0.9173544408797275,0.7736025011582126,4.0,0.0,0.0,-2.2713862208239703,0.008984220739219019,0.3347531168249053
10.8,-0.9269672435140517,0.7518595698877567,4.005815978229953,0.00010715121963222884,-0.0014654918028749186,-2.2448027596903675,0.24972285550748638,-0.0020986649592484308,-0.0006318223686448687,0.0003041814683560342,6.277232956797132e-05,0.20929835255239845,-0.9333543582934892,0.7542212154630422,4.0,0.0,0.0,-2.250442269800038,0.008955345208324706,0.3339125167274777
10.9,-0.9425128992096196,0.7323144812550528,4.005789416834868,0.00010689608729297362,-0.0014614497142808602,-2.2238728752451955,0.24973762528400853,-0.0020834558753757802,-0.0006299274893055957,0.00030333455212934544,6.288074874301844e-05,0.20929881642810486,-0.9489448756380533,0.7345091034155257,4.0,0.0,0.0,-2.2294983187761064,0.008927711604382094,0.33307407207281203
11.0,-0.9576458600286136,0.7124463307916332,4.005762949340792,0.00010664054905840104,-0.0014573922529899086,-2.202942942731983,0.2497519365498402,-0.002070832462783595,-0.0006279692026284518,0.0003024789883217286,6.29791100859575e-05,0.20929932559588404,-0.9641191543972409,0.7144748113994985,4.0,0.0,0.0,-2.208554367752175,0.008901115585358827,0.3322380722087445
11.100000000000001,-0.9723595944984834,0.6922640182528603,4.005736581221141,0.00010638422399411596,-0.0014533206213478422,-2.18201295800011,0.2497657846327624,-0.0020607606536738135,-0.0006259552124833536,0.0003016185936316634,6.30624986948681e-05,0.20929987246097312,-0.9788705386308746,0.6941271271175774,4.0,0.0,0.0,-2.1876104167282424,0.008875355330557532,0.3314047645069086
11.200000000000001,-0.9866477613279996,0.6717765679231053,4.005710317220717,0.00010612712963675719,-0.0014492363252833762,-2.1610829179644155,0.24977917022636442,-0.002053149690445068,-0.0006238931082506325,0.0003007578994701156,6.312984820166277e-05,0.20930044286741864,-0.9931925578942905,0.673474975736587,4.0,0.0,0.0,-2.16666646570431,0.008850235813595328,0.33057434208935654
11.3,-1.0005042075064774,0.6509931213929758,4.005684161390816,0.00010586937649081918,-0.0014451409156355233,-2.140152820632331,0.24979209985195638,-0.0020478612566680625,-0.0006217899785875878,0.0002998945357686356,6.318131591163078e-05,0.20930102933358602,-1.007078930076493,0.6525274159726823,4.0,0.0,0.0,-2.1457225146803784,0.008825572358030479,0.32974693825361356
11.4,-1.0139229667240945,0.6299229312553819,4.005658117139505,0.00010561089303573468,-0.0014410360372085762,-2.119222664746738,0.24980458439805237,-0.0020447184757372487,-0.0006196524739675314,0.0002990282364203334,6.32148558304896e-05,0.20930162425779072,-1.020523564155694,0.6312936361178998,4.0,0.0,0.0,-2.124778563656447,0.008801193546248403,0.32892264667180354
11.5,-1.0268982581315953,0.6085753556942354,4.005632187281062,0.00010535151415425048,-0.0014369235635571798,-2.0982924496865842,0.24981663808018917,-0.002043514265756317,-0.0006174867936034006,0.00029815802113325126,6.32280116046031e-05,0.20930222246744778,-1.033520562871037,0.6097829500098657,4.0,0.0,0.0,-2.1038346126325145,0.008776943526201677,0.32810152892690225
11.600000000000001,-1.0394244855821673,0.5869598538271958,4.005606374087234,0.00010509107453282596,-0.0014328054042525018,-2.0773621756435494,0.2498282786326768,-0.002044020480763831,-0.0006152986528975639,0.0002972857923049979,6.322253903343471e-05,0.2093028125608257,-1.0460642253093315,0.5880047929464418,4.0,0.0,0.0,-2.082890661608582,0.008752683692069878,0.3272836020341985
11.700000000000001,-1.0514962374310792,0.5650859817027772,4.0055806793273705,0.0001048297096519768,-0.0014286832086178869,-2.056431843593001,0.24983952663893091,-0.0020459958836629845,-0.0006130934038902272,0.0002964163878764682,6.32017698146743e-05,0.20930339062254064,-1.058149049405659,0.5659687175470925,4.0,0.0,0.0,-2.0619467105846514,0.008728293733307227,0.32646883611333155
11.8,-1.0631082868286597,0.5429633888648379,4.005555104308865,0.00010456768100119973,-0.001424558438322343,-2.035501454886584,0.24985040458138075,-0.0020491931563091452,-0.0006108758295888613,0.000295547723226729,6.316620083106793e-05,0.20930395276745278,-1.0697697343567638,0.5436843895627855,4.0,0.0,0.0,-2.041002759560719,0.008703672159410356,0.32565717783075115
11.9,-1.0742555924945378,0.5206018153737304,4.005529649942155,0.00010430514831138993,-0.0014204326361562103,-2.014571011214507,0.2498609361736242,-0.0020533652345183654,-0.0006086499614844592,0.0002946808533499213,6.311395068504592e-05,0.20930449613245555,-1.0809211829461598,0.5211615836362793,4.0,0.0,0.0,-2.0200588085367865,0.008678736374570277,0.3248485561005023
12.0,-1.084933299974064,0.4980110891702857,4.005504316800286,0.00010404222474669211,-0.0014163074746424975,-1.9936405145567437,0.24987114580930367,-0.0020582709059556634,-0.0006064194692807178,0.00029381424166338905,6.304449342256747e-05,0.2093050177699019,-1.0915985037799363,0.49841017901463874,4.0,0.0,0.0,-1.999114857512855,0.008653422323889458,0.3240428855400985
12.100000000000001,-1.0951367433769505,0.47520112369008977,4.005479105158842,0.00010377898504065897,-0.0014121846155199513,-1.9727099672691988,0.24988105807338926,-0.0020636801794544704,-0.0006041875998941802,0.0002929495758958295,6.295861683723562e-05,0.20930551311779635,-1.1017970134322872,0.4754401552158719,4.0,0.0,0.0,-1.9781709064889235,0.008627683734466589,0.3232400596748871
12.200000000000001,-1.1048614475551326,0.45218191560038945,4.005454015035789,0.00010351561302179846,-0.0014080655233286166,-1.9517793719593315,0.24989069781611306,-0.002069377931993918,-0.0006019571746044512,0.00029208784512366035,6.285954142261735e-05,0.20930598193131303,-1.1115122384998148,0.4522615876515834,4.0,0.0,0.0,-1.957226955464991,0.008601491024015556,0.3224399553193172
12.3,-1.114103130616822,0.4289635425710955,4.005429046224726,0.00010325234460317745,-0.0014039514027346378,-1.9308487312225902,0.24990008939821048,-0.002075166937210011,-0.0005997306505682279,0.00029122966204475186,6.27492668628758e-05,0.20930642463362245,-1.1207399175637134,0.42888464320756564,4.0,0.0,0.0,-1.9362830044410586,0.008574829969054825,0.3216424462364322
12.4,-1.1228577067247967,0.4055561610456082,4.005404198326327,0.00010298942839659375,-0.001399843281317814,-1.909918047623019,0.2499092562019397,-0.0020808703104107937,-0.0005975101017614283,0.00029037512384890124,6.262950389017785e-05,0.20930684147742595,-1.129476003058968,0.405319575784267,4.0,0.0,0.0,-1.915339053417127,0.008547700187949217,0.32084740536259476
12.5,-1.1311212891329545,0.38197000393133224,4.005379470785232,0.00010272694588575604,-0.0013957420873902393,-1.8889873236842167,0.2499182203529227,-0.002086333105470413,-0.0005952971679005263,0.0002895210908100513,6.250064662482183e-05,0.2093072331180256,-1.1377166630497497,0.3815767217990927,4.0,0.0,0.0,-1.8943951023931955,0.008520113489094084,0.3200547062314862
12.600000000000001,-1.138890193385056,0.35821537814782395,4.0053548629193,0.0001024647619773944,-0.0013916487191218962,-1.8680565617901577,0.24992700240503007,-0.00209142310428952,-0.0005930933069608741,0.00028866699110275106,6.236294244050308e-05,0.20930760180699795,-1.1454582829102309,0.3576664956525077,4.0,0.0,0.0,-1.873451151369263,0.008492092138505844,0.31926422941340077
12.700000000000001,-1.1461609406183322,0.3343026619821548,4.005330373945738,0.0001022028303387934,-0.0013875640507623466,-1.8471257641570107,0.24993562135856007,-0.002096031248023946,-0.000590899599352961,0.0002878155812711764,6.221662685382245e-05,0.20930794865438193,-1.1526974669100771,0.3335993851599418,4.0,0.0,0.0,-1.8525072003453307,0.008463667092504271,0.3184758645025394
12.8,-1.1529302609187282,0.3102423022323723,4.005306003011304,0.00010194131665963724,-0.0013834889386776794,-1.8261949329027813,0.24994409425638567,-0.0021000714709971807,-0.0005887168872991679,0.0002869685235496439,6.206187184885327e-05,0.2093082746375171,-1.1594310397039294,0.309385946951482,4.0,0.0,0.0,-1.8315632493213991,0.00843487623721882,0.3176895064761897
12.9,-1.159195096652176,0.28604481110510976,4.005281749212648,0.00010168046007619225,-0.0013794241597460122,-1.8052640700557165,0.24995243641899556,-0.0021034797443898194,-0.0005865458081672764,0.00028612593820477394,6.190021321618229e-05,0.2093085806629652,-1.165656047724213,0.2850368018413887,4.0,0.0,0.0,-1.8106192982974676,0.008405762676658629,0.3169050541973068
13.0,-1.1649526056995807,0.26172076282462975,4.005257611615972,0.00010142049743810944,-0.0013753702513086274,-1.78433317741357,0.24996066164498834,-0.002106212656777855,-0.0005843867195580638,0.0002852880025156024,6.173499481206672e-05,0.20930887058952172,-1.1713697604766724,0.2605626301694528,4.0,0.0,0.0,-1.7896753472735352,0.008376373116364015,0.3161224158563003
13.100000000000001,-1.1702001645484263,0.23728078998906843,4.005233589270272,0.0001011615924921827,-0.0013713275964395422,-1.7634022564403913,0.24996878186093366,-0.002108246071786581,-0.0005822398835130332,0.0002844532041809407,6.156595889117005e-05,0.2093091471748148,-1.1765696717380543,0.2359741671162486,4.0,0.0,0.0,-1.7687313962496027,0.008346756365223904,0.31534151584741793
13.200000000000001,-1.1749353712105357,0.21273557969347526,4.005209681210511,0.00010090386699390663,-0.0013672965274036386,-1.742471308353996,0.24997680716771478,-0.0021095733486030813,-0.0005801055379330639,0.00028362254186990445,6.139455939997125e-05,0.2093094126747131,-1.1812535006554203,0.21128219799432915,4.0,0.0,0.0,-1.747787445225672,0.008316961967021459,0.31456229143447884
13.3,-1.1791560479252963,0.18809586940903655,4.005185886461886,0.00010064737174531047,-0.001363277274217367,-1.721540334151403,0.24998474593745554,-0.0021102033797969883,-0.0005779838041711962,0.00028279348316955736,6.12213839240926e-05,0.2093096693250658,-1.1854191927466058,0.1864975535174269,4.0,0.0,0.0,-1.7268434942017397,0.008287038984923499,0.3137846905777394
13.4,-1.1828602436169589,0.16337244263440034,4.005162204051743,0.00010039198385802806,-0.001359270044287264,-1.7006093346094675,0.24999260493363332,-0.002110158518907491,-0.0005758746453205407,0.00028196539791803935,6.104631828055768e-05,0.20930991934577428,-1.189064920801382,0.16163110504975012,4.0,0.0,0.0,-1.7058995431778072,0.00825703495320488,0.3130086729283863
13.5,-1.1860462360911685,0.1385761243505815,4.0051386330248935,0.00010013765416783116,-0.0013552751015848408,-1.6796783102341424,0.25000038926528,-0.002109472675443141,-0.000573777879099956,0.00028114053758040205,6.08683378828853e-05,0.20931016600563238,-1.1921890856829316,0.13669375983744056,4.0,0.0,0.0,-1.6849555921538757,0.008226994994035277,0.31223421404456386
13.600000000000001,-1.1887125339454507,0.11371777629297601,4.005115172458383,9.988440209118821e-05,-0.0013512926919996282,-1.6587472613550667,0.2500081027048151,-0.002108188920260778,-0.0005716931827862779,0.00028031789052674017,6.0688893390862474e-05,0.20931040948197505,-1.1947903170292828,0.1116964562242953,4.0,0.0,0.0,-1.6640116411299442,0.008196961102333212,0.3114612990741705
13.700000000000001,-1.1908578781616652,0.0888082920426799,4.005091821465597,9.963216118924478e-05,-0.0013473229376343987,-1.6378161881609503,0.25001574809594296,-0.0021063571712772533,-0.0005696202508227345,0.00027949697559041006,6.050890549610275e-05,0.20931065261438023,-1.1968674738543958,0.08665015885384768,4.0,0.0,0.0,-1.6430676901060117,0.008166971598355208,0.3106899191204399
13.8,-1.1924812434024636,0.06385859198677751,4.0050685791924785,9.938087553962305e-05,-0.0013433658932275883,-1.6168850906428858,0.25002332733825766,-0.0021040325774551063,-0.0005675587779097114,0.00027867855741088956,6.0328780657558646e-05,0.2093108963985544,-1.1984196450486364,0.0615658538599122,4.0,0.0,0.0,-1.6221237390820793,0.008137060726089931,0.30992007530095866
13.9,-1.1935818390206165,0.03887961819754253,4.005045444817051,9.913052206300677e-05,-0.0013394216018429717,-1.595953968727856,0.2500308413518791,-0.0021012734924411225,-0.0005655084446860159,0.00027786246280562876,6.0148345004434405e-05,0.20931114117870078,-1.1994461497784192,0.03645454404770329,4.0,0.0,0.0,-1.6011797880581478,0.008107258395919229,0.3091517721595373
14.0,-1.194159109776191,0.013882329238553724,4.005022417550239,9.888106529265528e-05,-0.001335490091432856,-1.575022822253944,0.25003829037127745,-0.0020981399065578945,-0.0005634689228886376,0.00027704867650683504,5.9968087279444535e-05,0.20931138844634595,-1.1999465377848433,0.011327244067641639,4.0,0.0,0.0,-1.5802358370342162,0.008077590063558428,0.30838501894445647
14.100000000000001,-1.1942127362841173,-0.011122305087213397,4.004999496635717,9.863247818842069e-05,-0.0013315713387118677,-1.5540916509003322,0.2500456741086497,-0.0020946919747082734,-0.0005614398770298415,0.0002762373904101533,5.978850833693914e-05,0.20931163985257542,-1.1999205895811909,-0.013805024416038062,4.0,0.0,0.0,-1.5592918860102838,0.008048076718614868,0.3076198330038073
14.200000000000001,-1.1937426351966933,-0.03612330901445182,4.004976681336994,9.838473559442562e-05,-0.0013276651718459043,-1.5331604542247537,0.2500529918324736,-0.002090988619065236,-0.0005594211954836878,0.00027542839272058536,5.961204585991425e-05,0.20931189613949922,-1.199368316549202,-0.03893123755974804,4.0,0.0,0.0,-1.5383479349863516,0.008018734970395099,0.30685623632053405
14.3,-1.1927489591435068,-0.06110970609040164,4.004953970935088,9.813783369949647e-05,-0.0013237714679852353,-1.5122292316675903,0.25006024237749636,-0.002087086522885803,-0.0005574125287166004,0.0002746223007319717,5.943520659680024e-05,0.20931215895618333,-1.198289960934081,-0.06404037417597487,4.0,0.0,0.0,-1.5174039839624203,0.00798957722890537,0.3060942581168481
14.4,-1.1912320964474683,-0.08607052443917212,4.00493136474515,9.789181612074316e-05,-0.0013198902873425844,-1.4912979826907549,0.25006742438632884,-0.0020830390583984532,-0.0005554135289966049,0.00027381939164724926,5.925805101970093e-05,0.20931242608241282,-1.1966859957382407,-0.08912142056753343,4.0,0.0,0.0,-1.4964600329384885,0.007960611968287559,0.30533392907663465
14.5,-1.1891926706145965,-0.11099480201609924,4.004908862116648,9.764669610312637e-05,-0.0013160216082583887,-1.4703667068320814,0.25007453664215995,-0.0020788952529008056,-0.0005534238597668898,0.0002730187563146685,5.908206682427594e-05,0.20931269841535735,-1.1945571245138278,-0.11416337535854111,4.0,0.0,0.0,-1.475516081914556,0.007931844044336098,0.30457527447756444
14.600000000000001,-1.1866315396296188,-0.13587159182043604,4.004886462433403,9.740248392953177e-05,-0.0013121652887284618,-1.4494354035548227,0.2500815779396646,-0.0020746994240853326,-0.0005514431166094257,0.000272221333113929,5.890812470126249e-05,0.20931297641462812,-1.191904281054121,-0.13915525431998224,4.0,0.0,0.0,-1.4545721308906236,0.007903275058710942,0.30381832203060255
14.700000000000001,-1.1835497950911336,-0.1606899670388633,4.004864165110874,9.715917023900289e-05,-0.00130832122000335,-1.4285040722506264,0.25008854703542704,-0.0020704906886363427,-0.000549470999335623,0.0002714255665035901,5.873468047376416e-05,0.20931326105811954,-1.1887286289839392,-0.16408609518775338,4.0,0.0,0.0,-1.4336281798666932,0.007874903752986318,0.3030631038784482
14.8,-1.1799487612056068,-0.185439026137042,4.004841969590017,9.691665903943658e-05,-0.0013044893475693264,-1.4075727123202078,0.25009544294849023,-0.0020663029488258845,-0.0005475072507356159,0.00027063140816104356,5.856226112845051e-05,0.20931355109130043,-1.1850315612492361,-0.18894496247107959,4.0,0.0,0.0,-1.4126842288427606,0.007846726411217196,0.3023096523408542
14.9,-1.1758299936625454,-0.21010789789648554,4.004819875334135,9.667487216402648e-05,-0.0013006695765271914,-1.3866413232847667,0.2501022649179107,-0.002062164724256805,-0.000545551636703386,0.0002698391881174317,5.839103930429001e-05,0.20931384542004916,-1.1808146995061102,-0.21372095224917656,4.0,0.0,0.0,-1.3917402778188281,0.007818737259876083,0.3015579925027809
15.0,-1.1711952783894284,-0.23468574637198647,4.0047978818265255,9.643372879564183e-05,-0.0012968618306157254,-1.365709904796918,0.2501090123061686,-0.0020580990361123786,-0.0005436039424492738,0.00026904843580032717,5.822044168756625e-05,0.2093141424742281,-1.1760798934094898,-0.23840319695407353,4.0,0.0,0.0,-1.3707963267948966,0.007790928875671565,0.3008081424205722
15.100000000000001,-1.1660466302146266,-0.2591617757896636,4.004775988571741,9.619310201625098e-05,-0.0012930659957088864,-1.3447784565425636,0.25011568489962416,-0.002054123861597261,-0.0005416639093789547,0.0002682586952743982,5.805179696285505e-05,0.20931444321990123,-1.1708292198018164,-0.2629808701374871,4.0,0.0,0.0,-1.349852375770965,0.007763292576895296,0.30006011772075636
15.200000000000001,-1.160386291456084,-0.28352523538533525,4.004754195083065,9.595291264075101e-05,-0.0012892818405783046,-1.3238469781617364,0.25012228275664294,-0.0020502522869840336,-0.000539731542527551,0.00026747138031134115,5.788596649542666e-05,0.20931474747165746,-1.1650649818020702,-0.28744319121965933,4.0,0.0,0.0,-1.3289084247470326,0.0077358187776848195,0.2993139349768718
15.3,-1.1542167304406448,-0.3077654241646741,4.004732500873945,9.571318943635276e-05,-0.001285509219849157,-1.3029154692900022,0.25012880611292826,-0.0020464929370878834,-0.0005378067205707486,0.0002666870405866307,5.772037773456035e-05,0.20931505553680751,-1.158789707795548,-0.3117794302180763,4.0,0.0,0.0,-1.3079644737231002,0.007708497324841911,0.29856961234964075
15.4,-1.147540639964094,-0.33187169560351953,4.004710905469829,9.547399003961843e-05,-0.0012817481379023832,-1.2819839296494018,0.2501352555021068,-0.0020428502480826414,-0.0005358892984710647,0.00026590568418286833,5.755476281552366e-05,0.20931536528482944,-1.1520061503248287,-0.3359789124539932,4.0,0.0,0.0,-1.2870205226991687,0.007681317815603633,0.29782716535242065
15.5,-1.14036093568677,-0.3558334622967724,4.0046894084101226,9.523535126421123e-05,-0.0012779985765178914,-1.2610523591153313,0.2501416318102064,-0.0020393248075602478,-0.0005339791458011811,0.00026512688683411604,5.738979523050185e-05,0.20931567588268027,-1.1447172848824179,-0.36003102323470026,4.0,0.0,0.0,-1.2660765716752371,0.007654269878895509,0.29708660064406317
15.600000000000001,-1.1326807544770752,-0.3796402005522535,4.004668009245699,9.499727048378759e-05,-0.0012742604681883485,-1.2401207575938762,0.25014793622720966,-0.0020359138563736737,-0.0005320761467792265,0.0002643502873041826,5.7225755504268645e-05,0.20931598751987168,-1.1369263086055972,-0.38392521250948114,4.0,0.0,0.0,-1.2451326206513047,0.007627343420203744,0.29634792244183517
15.700000000000001,-1.124503452714033,-0.4032814549255341,4.004646707536718,9.475971441119668e-05,-0.001270533751437597,-1.2191891249673148,0.25015417010007346,-0.0020326117853441813,-0.0005301802041110439,0.00026357560956420504,5.706223833765453e-05,0.2093163004371011,-1.1286366388740565,-0.40765099949720784,4.0,0.0,0.0,-1.2241886696273723,0.007600528832196363,0.2956111363389373
15.8,-1.1158326045527394,-0.4267468427060657,4.004625502851255,9.452263632958591e-05,-0.0012668183888808748,-1.1982574611253853,0.25016033497210927,-0.0020294106807494184,-0.0005282912396067619,0.0002628028495355004,5.6899173528991325e-05,0.20931661421556585,-1.119851911810916,-0.4311979772835631,4.0,0.0,0.0,-1.2032447186034418,0.007573817167689646,0.29487624784168465
15.9,-1.1066720001549855,-0.45002605837151877,4.004604394763875,9.428601212047028e-05,-0.0012631143253569732,-1.177325766047614,0.25016643264567606,-0.0020263008980093314,-0.0005264091872623327,0.00026203244936009827,5.6736962302762486e-05,0.20931692747062536,-1.1105759806878035,-0.4545558173858558,4.0,0.0,0.0,-1.182300767579509,0.007547200266999241,0.29414325724614826
16.0,-1.0970256438787576,-0.47310887800105744,4.004583382854116,9.40498394292888e-05,-0.0012594214991965558,-1.1563940398317556,0.250172465012309,-0.0020232713866308884,-0.0005245339917842934,0.00026126433415834616,5.6575307214892184e-05,0.20931723926337203,-1.1008129142346816,-0.477714274283433,4.0,0.0,0.0,-1.1613568165555768,0.007520670851325835,0.2934121582173465
16.1,-1.0868977524193009,-0.4959851636444274,4.00456246670562,9.381410146325209e-05,-0.0012557398759063254,-1.1354622826510843,0.2501784340394823,-0.0020203101254893927,-0.0005226656111301132,0.0002604982817852214,5.6413980694866925e-05,0.20931754901416066,-1.0905669948551695,-0.5006631899117054,4.0,0.0,0.0,-1.1404128655316443,0.0074942225914642014,0.2926829405945039
16.2,-1.0762927529065034,-0.5186448676674593,4.004541645905383,9.357878790439145e-05,-0.001252069409528822,-1.1145304946707753,0.2501843418712827,-0.0020174046839270343,-0.0005208040107353179,0.00025973465847181404,5.625343467036965e-05,0.20931785748416315,-1.0798427167481381,-0.5233924981178085,4.0,0.0,0.0,-1.1194689145077137,0.0074678501390882295,0.29195559451207337
16.3,-1.065215280954269,-0.5410780370685939,4.0045209200382335,9.334399661931059e-05,-0.001248409962667285,-1.0935986760168035,0.25019019068869,-0.002014542507522293,-0.0005189492356916069,0.00025897525776919894,5.6095031383142725e-05,0.20931816462762962,-1.0686447839364053,-0.5458922290759538,4.0,0.0,0.0,-1.0985249634837813,0.007441549125035076,0.2912301111115645
16.400000000000002,-1.053670178653531,-0.5632748177576986,4.004500288682915,9.310981814492081e-05,-0.0012447613668564728,-1.072666826827474,0.2501959826693397,-0.0020117112309861866,-0.0005171012873185761,0.00025821785270953144,5.59380389325332e-05,0.20931847026779654,-1.0569781082033973,-0.56815251366052,4.0,0.0,0.0,-1.0775810124598488,0.007415316140047782,0.29050648040736965
16.5,-1.0416624925127067,-0.5852254588036528,4.004479751418143,9.287623787246346e-05,-0.0012411235929143949,-1.0517349472127169,0.2502017198846188,-0.0020088990579155393,-0.0005152601220149827,0.00025746278445113244,5.578048299181503e-05,0.2093187751803963,-1.0448478069386786,-0.5901635877749777,4.0,0.0,0.0,-1.0566370614359173,0.007389148699146217,0.2897846958372263
16.6,-1.0291974713312078,-0.6069203166548616,4.004459307827407,9.264327292779484e-05,-0.0012374966897024109,-1.0308030373418244,0.2502074044268224,-0.0020060948317809006,-0.000513425707909316,0.0002567102529042624,5.5622839242916126e-05,0.20931907730175273,-1.0322592008932936,-0.6119157966347487,4.0,0.0,0.0,-1.0356931104119858,0.007363045187989538,0.2890647486734067
16.7,-1.0162805639918142,-0.6283498593311352,4.004438957498228,9.241094025824736e-05,-0.0012338806536331681,-1.0098710974838703,0.25021303840394704,-0.002003288167696786,-0.0005115980168565091,0.0002559600496184389,5.546560932043339e-05,0.20931937685910273,-1.0192178118459112,-0.633399599002109,4.0,0.0,0.0,-1.0147491593880533,0.007337004795696684,0.2883466239071519
16.8,-1.0029174171793624,-0.6495046705797535,4.004418700020678,9.217923516713356e-05,-0.0012302754493260792,-0.988939127860943,0.2502186238823179,-0.002000469645064721,-0.0005097770238728616,0.00025521195718549984,5.530892216057704e-05,0.20931967450198413,-1.0057293601807893,-0.6546055713712955,4.0,0.0,0.0,-0.993805208364121,0.00731102743813537,0.2876303086674762
16.900000000000002,-0.9891138730260012,-0.6703754539879124,4.004398534986665,9.194812507296035e-05,-0.0012266810581444965,-0.9680071286170007,0.25022416274943815,-0.001997630872199751,-0.0005079627106331308,0.00025446562100357495,5.5152313113093934e-05,0.20931997113741835,-0.9917997623786261,-0.6755244121019616,4.0,0.0,0.0,-0.9728612573401894,0.0072851136781584514,0.2869157946269567
17.0,-0.9748759666797204,-0.6909530370611048,4.004378461992641,9.171752235603847e-05,-0.0012230974390301519,-0.9470750998749451,0.2502296568528491,-0.0019947646903203772,-0.0005061549980047342,0.0002537202764898528,5.499670777890219e-05,0.20932026623790043,-0.9774351284213953,-0.6961469454991888,4.0,0.0,0.0,-0.9519173063162578,0.007259264639359192,0.2862030742526405
17.1,-0.9602099237927616,-0.7112283752706564,4.004358480639069,9.148735563302424e-05,-0.0012195245268049604,-0.9261430418119891,0.2502351079627327,-0.001991865182963672,-0.0005043538667083091,0.00025297707975339436,5.48415600319728e-05,0.20932055930017449,-0.9626417591123051,-0.7164641258382491,4.0,0.0,0.0,-0.9309733552923254,0.007233481907668317,0.2854921366744193
17.2,-0.9451221579235706,-0.7311925560528318,4.004338590526725,9.12576391791653e-05,-0.0012159622912619739,-0.9052109546269986,0.25024051772020106,-0.0019889276372276514,-0.0005025593111388354,0.0002522364617645734,5.468675696605373e-05,0.20932085041518814,-0.9474261433120614,-0.7364670413323553,4.0,0.0,0.0,-0.910029404268394,0.0072077674347107755,0.28478297040337264
17.3,-0.9296192678483856,-0.7508368027505327,4.00431879125646,9.102838579977401e-05,-0.001212410727958968,-0.8842788385485534,0.2502458875470497,-0.0019859483988890945,-0.0005007713314261246,0.0002514979419673862,5.4531889847289173e-05,0.2093211388615801,-0.9317949550926338,-0.7561469180416703,4.0,0.0,0.0,-0.8890854532444623,0.007182123453884197,0.2840755626587031
17.400000000000002,-0.9137080347824834,-0.7701524785103604,4.004299082429236,9.079959043267749e-05,-0.0012088698289955957,-0.8633466937964696,0.2502512188422335,-0.0019829250175339482,-0.0004989899287172087,0.00025076170540028653,5.4377452985972874e-05,0.20932142561085498,-0.9157550508097911,-0.7754951237218431,4.0,0.0,0.0,-0.8681415022205298,0.007156552396594555,0.2833699010772051
17.5,-0.8973954195133116,-0.7891310901339681,4.004279463642684,9.05713134891073e-05,-0.0012053395277882295,-0.8424145205129698,0.25025651289502554,-0.0019798561335030588,-0.0004972151562979231,0.000250028874844679,5.422409771741282e-05,0.2093217111770583,-0.8993134660956764,-0.7945031716103974,4.0,0.0,0.0,-0.8471975511965975,0.007131056804609552,0.28266597685418116
17.6,-0.880688559442742,-0.8077642918638405,4.004259934485974,9.034360647586226e-05,-0.001201819721309505,-0.8214823188111922,0.2502617708652713,-0.0019767413578079818,-0.0004954470891010984,0.00024929797178999396,5.407191756061794e-05,0.2093219956347608,-0.8824774127727435,-0.8131627241493088,4.0,0.0,0.0,-0.8262536001726651,0.007105639253567272,0.28196378228150415
17.7,-0.8635947655441575,-0.8260438891059018,4.00424049454246,9.011643490852705e-05,-0.001198310364737054,-0.8005500887628489,0.25026699371779654,-0.001973581256309444,-0.0004936857299138585,0.0002485688791776056,5.3919676049011894e-05,0.20932227977474077,-0.8652542756904184,-0.8314655966421277,4.0,0.0,0.0,-0.8053096491487345,0.007080302288641516,0.2812633126749938
17.8,-0.8461215192268741,-0.8439618420885349,4.004221143397021,8.98897873118365e-05,-0.0011948114784350317,-0.779617830416576,0.25027218235744886,-0.00197037711844577,-0.0004919310458812376,0.0002478421488521742,5.3767353508803036e-05,0.20932256321699572,-0.847651609485853,-0.8494037608440655,4.0,0.0,0.0,-0.7843656981248021,0.007055048371246702,0.28056456556921905
17.900000000000002,-0.8282764691094258,-0.8615102694529779,4.004201880638586,8.966370065044416e-05,-0.0011913230854023737,-0.7586855439102234,0.2502773375409438,-0.001967130908119971,-0.0004901830040019372,0.00024711817017202957,5.3614883845834396e-05,0.2093228445756499,-0.8296771352702197,-0.8669693484834405,4.0,0.0,0.0,-0.7634217471008695,0.007029879832241456,0.2798675336311222
18.0,-0.8100674277010661,-0.8786814517717784,4.004182705859788,8.943820762574717e-05,-0.0011878451808255974,-0.7377532293984732,0.25028246005276966,-0.0019638449867887793,-0.0004884415715520368,0.00024639644181305756,5.346291037071925e-05,0.20932312500112327,-0.8113387372419719,-0.8841546547129652,4.0,0.0,0.0,-0.7424777960769381,0.0070047988332082685,0.27917220819780064
18.1,-0.7915023679940554,-0.8954678349899171,4.004163618656133,8.921330437416941e-05,-0.0011843777275788447,-0.7168208869519805,0.25028755058136015,-0.001960522132954507,-0.00048670671437515256,0.0002456767738859401,5.331141171627651e-05,0.20932340491975257,-0.7926444592285733,-0.9009521414893483,4.0,0.0,0.0,-0.7215338450530066,0.006979807338412876,0.2784785847827866
18.2,-0.7725894199838569,-0.9118620337874724,4.004144618625702,8.89889757038631e-05,-0.001180920696771004,-0.6958885166124027,0.2502926097107899,-0.001957165420817577,-0.0004849784002874903,0.0002449591116170425,5.316026025007772e-05,0.20932368450239225,-0.7736025011582135,-0.9173544408797268,4.0,0.0,0.0,-0.7005898940290749,0.006954907093944357,0.2777866606138259
18.3,-0.7533368671104904,-0.9278568348588313,4.004125705369203,8.876519061828958e-05,-0.0011774740821710594,-0.6749561183783124,0.25029763788532816,-0.0019537780624138633,-0.00048325660150861407,0.000244243173274814,5.300912447433078e-05,0.20932396446231633,-0.7542212154630428,-0.9333543582934889,4.0,0.0,0.0,-0.6796459430051425,0.00693009961809667,0.27709643561188113
18.400000000000002,-0.7337531426217918,-0.9434452001194528,4.004106878489955,8.85419219551764e-05,-0.0011740378678664065,-0.654023692254206,0.2503026355967299,-0.0019503634859441745,-0.0004815412910510039,0.00024352934961090124,5.285852859967804e-05,0.2093242439104852,-0.7345091034155258,-0.9489448756380533,4.0,0.0,0.0,-0.65870199198121,0.0069053861921553475,0.27640790923804587
18.5,-0.713846825863839,-0.9586202698363412,4.004088137594731,8.831919343288419e-05,-0.001170611996523796,-0.6330912383000054,0.25030760327976587,-0.0019469251527279748,-0.0004798324086872671,0.00024281823101697075,5.270874851521697e-05,0.20932452270198032,-0.7144748113994986,-0.9641191543972409,4.0,0.0,0.0,-0.6377580409572784,0.006880767852540082,0.2757210773517236
18.6,-0.6936266385012615,-0.9733753656660056,4.004069482294778,8.809705891454911e-05,-0.0011671964043413752,-0.612158756575012,0.250312541317462,-0.0019434664827404696,-0.0004781298963801291,0.00024210976817550377,5.255965825525966e-05,0.20932480097678954,-0.6941271271175774,-0.9788705386308745,4.0,0.0,0.0,-0.6168140899333461,0.0068562453949955445,0.2750359357901391
18.7,-0.6731014406698873,-0.9877039936010644,4.004050912204351,8.78755251276786e-05,-0.001163791068305997,-0.5912262471619192,0.25031744998208605,-0.0019399906970287493,-0.00047643373084604255,0.0002414030381725593,5.2410589339979454e-05,0.20932507809684156,-0.6734749757365873,-0.9931925578942902,4.0,0.0,0.0,-0.5958701389094146,0.006831819386831299,0.2743524796088925
18.8,-0.6522802270626942,-1.0015998468340297,4.004032426938561,8.765456489312484e-05,-0.0011603959738599734,-0.570293710150966,0.2503223295861172,-0.0019365009020203298,-0.0004747439115066736,0.0002406983665197241,5.226205921040276e-05,0.20932535460497875,-0.6525274159726832,-1.0070789300764924,4.0,0.0,0.0,-0.574926187885483,0.006807490179933655,0.2736707035250619
18.900000000000002,-0.6311721229531984,-1.0150568085419072,4.004014026109271,8.743422260515388e-05,-0.001157011046791112,-0.5493611455802507,0.25032718044925106,-0.0019330000445277123,-0.0004730604835847789,0.00023999682331657073,5.211470034118094e-05,0.20932563095745518,-0.6312936361178998,-1.020523564155694,4.0,0.0,0.0,-0.5539822368615506,0.0067832579190219835,0.27299060440039585
19.0,-0.6097863801619431,-1.0280689545782906,4.003995709321513,8.721448950277377e-05,-0.0011536361901480774,-0.5284285534603197,0.2503320028592096,-0.001929490851957815,-0.0004713834933902899,0.00023929607262990354,5.1968339461455854e-05,0.20932590724073769,-0.609782950009866,-1.0335205628710369,4.0,0.0,0.0,-0.533038285837619,0.0067591225558877996,0.272312180255413
19.1,-0.5881323729727764,-1.04063055607622,4.003977476178455,8.699528964584147e-05,-0.001150271386411994,-0.5074959337619225,0.2503367970092163,-0.0019259758888669895,-0.0004697128995076224,0.00023859735836528385,5.18215671156944e-05,0.20932618419255836,-0.5880047929464424,-1.0460642253093313,4.0,0.0,0.0,-0.5120943348136865,0.006735083870907329,0.2716354323559114
19.200000000000003,-0.5662195939883854,-1.0527360819613047,4.003959326289269,8.677660808986687e-05,-0.0011469166464408431,-0.4865632864750591,0.2503415631797142,-0.0019224573517831061,-0.00046804862909584306,0.00023790046416645173,5.167527047107352e-05,0.20932646061816237,-0.5659687175470921,-1.058149049405659,4.0,0.0,0.0,-0.4911503837897542,0.006711141498086146,0.2709603613589989
19.3,-0.544057649932085,-1.0643802013729993,4.003941259270168,8.655842426019689e-05,-0.0011435719425114677,-0.4656306116943303,0.250346301592262,-0.0019189371747162381,-0.000466390610901728,0.0002372055548911112,5.1529242182209875e-05,0.20932673569627566,-0.5436843895627856,-1.0697697343567638,4.0,0.0,0.0,-0.4702064327658227,0.0066872949479638046,0.27028696156600296
19.400000000000002,-0.521656257401485,-1.0755577859952399,4.003923274742256,8.634073469870884e-05,-0.0011402372528710458,-0.44469790951058075,0.25035101255931375,-0.0019154169017805585,-0.0004647388084346331,0.00023651278233751934,5.138359653897375e-05,0.20932701035446707,-0.5211615836362788,-1.08092118294616,4.0,0.0,0.0,-0.4492624817418902,0.006663543628606798,0.26961522758830664
19.5,-0.4990252385718875,-1.0862639122931632,4.003905372329392,8.612354446624337e-05,-0.0011369125487603604,-0.4237651799535458,0.25035569638596616,-0.0019118977897983698,-0.00046309319057269405,0.0002358221502577645,5.123834895451868e-05,0.2093272848074662,-0.49841017901463874,-1.0915985037799363,4.0,0.0,0.0,-0.42831853071795867,0.006639886868079451,0.2689451573458182
19.6,-0.4761745168632413,-1.0964938636609516,4.003887551657748,8.590685745080151e-05,-0.0011335978009889836,-0.40283242304819655,0.2503603533701372,-0.0019083808192224554,-0.000461453728749108,0.00023513362344602172,5.10934975787421e-05,0.20932755894922342,-0.47544015521587146,-1.1017970134322874,4.0,0.0,0.0,-0.40737457969402624,0.006616323935389182,0.26827674901616005
19.700000000000003,-0.45311411256655776,-1.106243132476435,4.003869812355638,8.569066640884415e-05,-0.0011302929901941816,-0.38189963881012545,0.25036498376840677,-0.0019048666680861505,-0.00045982039742697284,0.0002344469995990685,5.094884679437725e-05,0.20932783309390351,-0.4522615876515835,-1.1115122384998148,4.0,0.0,0.0,-0.38643062867009464,0.006592854062097551,0.26761000142316227
19.8,-0.42985413843023335,-1.115507422063644,4.0038521540534955,8.547494964084024e-05,-0.0011269981076846847,-0.3609668272345643,0.2503695878395523,-0.0019013557665319395,-0.0004581931743488634,0.00023376219897432453,5.0804380307982084e-05,0.2093281073136444,-0.42888464320756614,-1.1207399175637132,4.0,0.0,0.0,-0.36548667764616316,0.006569476462921501,0.2669449146547704
19.900000000000002,-0.4064047952056516,-1.1242826485709765,4.003834576383685,8.525969517414467e-05,-0.0011237131291532698,-0.3400339883469585,0.25037416591344586,-0.001897848390734234,-0.00045657203692872145,0.00023307949868104058,5.0660414988384944e-05,0.2093283809208809,-0.4053195757842671,-1.129476003058968,4.0,0.0,0.0,-0.34454272662223073,0.006546190348042613,0.26628148691379316
20.0,-0.3827763671574852,-1.132564942758349,4.0038170789801555,8.504491007155224e-05,-0.0011204380154690163,-0.31910112221518805,0.25037871831808434,-0.0018943446266949987,-0.00045495696110088753,0.00023239896433064654,5.0516915743467806e-05,0.20932865379483487,-0.3815767217990928,-1.1377166630497497,4.0,0.0,0.0,-0.3235987755982992,0.006522994932351741,0.2656197138599576
20.1,-0.3589792175419294,-1.1403506516867241,4.003799661478398,8.483060329522729e-05,-0.0011171727317531577,-0.2981682289095611,0.2503832453774056,-0.0018908443969476608,-0.0004533479229668709,0.00023172055594697879,5.03738473151244e-05,0.2093289259928308,-0.3576664956525078,-1.1454582829102309,4.0,0.0,0.0,-0.3026548245743668,0.006499889447116068,0.2649595910792029
20.200000000000003,-0.33502378405394545,-1.147636340310893,4.003782323515553,8.461676995619172e-05,-0.001113917256949204,-0.2772353085195949,0.2503877473667551,-0.0018873474256437166,-0.0004517449005525653,0.00023104402000358225,5.023096911036474e-05,0.209329197053108,-0.3335993851599414,-1.1526974669100774,4.0,0.0,0.0,-0.2817108735504344,0.0064768731528816355,0.2643011132663235
20.3,-0.3109205742429107,-1.154418792978943,4.003765064727751,8.440343499538372e-05,-0.0011106715515025734,-0.2563023611562878,0.2503922245821522,-0.0018838533237136744,-0.00045014792519984124,0.00023037024897985128,5.0088898567261314e-05,0.20932946703824765,-0.3093859469514821,-1.1594310397039294,4.0,0.0,0.0,-0.2607669225265028,0.006453945348380919,0.26364427369825977
20.400000000000002,-0.28668016089612225,-1.1606950148443245,4.003747884748023,8.419065487297317e-05,-0.001107435550714797,-0.23536938689999642,0.2503966773715649,-0.0018803616752590582,-0.00044855699890092,0.00022969886175883632,4.9947511877894876e-05,0.2093297364925235,-0.28503680184138874,-1.165656047724213,4.0,0.0,0.0,-0.23982297150257129,0.006431105371751711,0.26298906704193187
20.5,-0.2623131773967783,-1.1664622331831274,4.003730783206384,8.397838831708526e-05,-0.0011042091863533443,-0.21443638579722535,0.250401106069309,-0.001876872024716735,-0.0004469721505441047,0.00022902826027555124,4.980703109805484e-05,0.20933000552012837,-0.2605626301694534,-1.1713697604766722,4.0,0.0,0.0,-0.21887902047863975,0.006408352601489759,0.2623354896926832
20.6,-0.2378303130633057,-1.1717178986161079,4.003713759732252,8.37665731392434e-05,-0.0011009924375455782,-0.19350335785553163,0.25040551092393815,-0.0018733839786803234,-0.00044539333699899624,0.0002283597711962137,4.966624974970311e-05,0.20933027482571748,-0.23597416711624922,-1.176569671738054,4.0,0.0,0.0,-0.1979350694547073,0.006385686458988362,0.26168354084403006
20.700000000000003,-0.21324230845794362,-1.176459686231754,4.003696813959632,8.355522699510232e-05,-0.001097785316145572,-0.17257030309136878,0.2504098922839617,-0.0018698970281188479,-0.0004438205144888926,0.00022769350351273276,4.9525772493380005e-05,0.20933054346431082,-0.21128219799432868,-1.1812535006554203,4.0,0.0,0.0,-0.1769911184307749,0.006363106411985656,0.26103321973358656
20.8,-0.18855995067319528,-1.180685496611057,4.003679945526895,8.334438190926718e-05,-0.001094587815420489,-0.15163722162279658,0.2504142504088054,-0.0018664107186829387,-0.0004422536410724117,0.0002270296804065794,4.938531165979761e-05,0.20933081040474583,-0.18649755351742697,-1.1854191927466058,4.0,0.0,0.0,-0.15604716740684335,0.006340611974624047,0.26038451970824356
20.900000000000002,-0.16379406859967066,-1.1843934567562966,4.003663154076331,8.313406441740057e-05,-0.0010913999240593775,-0.13070411358053047,0.2504185856375556,-0.001862924518864731,-0.00044069267844480453,0.0002263679381346475,4.924529192510959e-05,0.20933107647608368,-0.16163110504974967,-1.189064920801382,4.0,0.0,0.0,-0.13510321638291092,0.0063182027056553555,0.2597374333413384
21.0,-0.1389555281703894,-1.18758192091623,4.003646439253487,8.292427311928918e-05,-0.0010882216060483785,-0.10977097903283717,0.25042289830409015,-0.0018594379148553469,-0.0004391375886547465,0.00022570810458420284,4.910576079393824e-05,0.20933134202170078,-0.13669375983744064,-1.1921890856829314,4.0,0.0,0.0,-0.11415926535897938,0.006295878207909808,0.2590919563072098
21.1,-0.11405522759489523,-1.190249471316548,4.003629800708306,8.271502439871625e-05,-0.001085052809083109,-0.08883781803350566,0.25042718872317243,-0.0018559504308684179,-0.00043758830062865916,0.00022505071120057618,4.896701511357013e-05,0.2093316069927371,-0.11169645622429485,-1.1947903170292828,4.0,0.0,0.0,-0.09321531433504696,0.006273638126928101,0.2584480848800202
21.200000000000003,-0.08910409257961525,-1.192394918792705,4.003613238095558,8.250635348616697e-05,-0.0010818934785592482,-0.06790463064302044,0.25043145719261295,-0.0018524616369073334,-0.0004360447641517741,0.00022439552097774942,4.8828801093271174e-05,0.20933187131719197,-0.08665015885384773,-1.1968674738543958,4.0,0.0,0.0,-0.0722713633111154,0.006251482147899617,0.25780581495132227
21.3,-0.06411307153713966,-1.1940173033216352,4.003596751072938,8.229825646210998e-05,-0.0010787435907455567,-0.04697141690889728,0.25043570396091824,-0.0018489711191845054,-0.000434506952168653,0.00022374198906374379,4.869077857606194e-05,0.20933213533847925,-0.06156585385991281,-1.1984196450486364,4.0,0.0,0.0,-0.05132741228718387,0.006229409992700201,0.2571651435173923
21.400000000000002,-0.03909313078489358,-1.195115894452902,4.0035803393001865,8.209069478715136e-05,-0.0010756031383727382,-0.02603817685444776,0.2504399292629862,-0.0018454785135856172,-0.0004329748443734424,0.0002230899936084611,4.8552955117121276e-05,0.20933239917770638,-0.03645454404770336,-1.1994461497784192,4.0,0.0,0.0,-0.030383461263251445,0.006207421417811713,0.2565260691098558
21.5,-0.014055249730533188,-1.195690191645161,4.003564002438743,8.188364011596505e-05,-0.0010724720975487934,-0.005104910526527284,0.25044413338435123,-0.0018419835747530379,-0.00043144842111625295,0.00022243985624513727,4.841563096727857e-05,0.20933266223275648,-0.011327244067641712,-1.1999465377848433,4.0,0.0,0.0,-0.009439510239319904,0.006185516206504084,0.2558885887334565
21.6,0.010989583949067266,-1.1957399245034093,4.003547740151319,8.167708783313188e-05,-0.0010693504304395418,0.01582838199184078,0.25044831659355077,-0.001838486120246015,-0.00042992766184345567,0.00022179168863573916,4.8278765269779194e-05,0.20933292442119555,0.01380502441603799,-1.1999205895811909,4.0,0.0,0.0,0.011504440784612522,0.006163694159910957,0.2552526972154729
21.700000000000003,0.03603037912999871,-1.1952650529116655,4.003531552101822,8.1471038825498e-05,-0.0010662381036734558,0.03676170061832407,0.25045247914044516,-0.001834986030398903,-0.0004284125464225534,0.0002211454760627923,4.8142319839957166e-05,0.20933318582655278,0.0389312375597485,-1.1993683165492017,4.0,0.0,0.0,0.03244839180854495,0.00614195509235122,0.2546183894893717
21.8,0.06105614606592513,-1.1942657670641252,4.003515437955415,8.126549230480506e-05,-0.001063135086081246,0.05769504527779912,0.25045662125867146,-0.0018314832459706163,-0.00042690305497031916,0.00022050119087562011,4.8006289432582563e-05,0.209333446502873,0.06404037417597479,-1.198289960934081,4.0,0.0,0.0,0.05339234283247649,0.006120298827195708,0.2539856609182021
21.900000000000002,0.08605590120906131,-1.1927424873910997,4.003499397376921,8.106045398603712e-05,-0.0010600413096444328,0.07862841586184466,0.25046074309568944,-0.0018279776684459134,-0.00042539919250609225,0.0002198589783984032,4.787141642562588e-05,0.20933370571069587,0.08912142056753336,-1.1966859957382407,4.0,0.0,0.0,0.07433629385640804,0.006098725196526059,0.2533545045140515
22.0,0.11101867203394798,-1.1906958643865269,4.003483430030691,8.085592667583796e-05,-0.0010569567137994618,0.09956181225773575,0.25046484487710735,-0.001824469323566874,-0.0004239009272946976,0.0002192185823229007,4.773678133046844e-05,0.2093339641682968,0.11416337535854051,-1.194557124513828,4.0,0.0,0.0,0.09528024488033957,0.006077234037710755,0.2527249131498056
22.1,0.1359335018615952,-1.188126778339609,4.003467535579711,8.065184664252101e-05,-0.001053881253305633,0.12049523440553411,0.2504689268238945,-0.0018209583137745225,-0.00042240829886694973,0.00021857889314334336,4.760304179784775e-05,0.20933422215210518,0.13915525431998163,-1.191904281054121,4.0,0.0,0.0,0.116224195904272,0.0060558251838890775,0.25209688277333475
22.200000000000003,0.16078945466968597,-1.1850363389648155,4.003451713685088,8.044815272967298e-05,-0.001050814897963992,0.14142868228604089,0.2504729890802082,-0.0018174448649481486,-0.00042092128046598045,0.00021794118380420109,4.746915685220436e-05,0.20933448022207965,0.16408609518775386,-1.188728628983939,4.0,0.0,0.0,0.13716814692820442,0.006034498459234959,0.25147041180832935
22.3,0.1855756198965999,-1.1814258849282073,4.003435964010849,8.024487055946494e-05,-0.001047757660439519,0.16236215588799974,0.2504770318280047,-0.0018139292024327808,-0.0004194398411321653,0.0002173057837837029,4.733536916173765e-05,0.20933473794207583,0.1889449624710795,-1.1850315612492361,4.0,0.0,0.0,0.158112097952136,0.006013253678340474,0.2508454998022675
22.400000000000002,0.21028111723768766,-1.1772969832676823,4.003420286224243,8.004203586464698e-05,-0.0010447095329633171,0.18329565514449397,0.25048105524177705,-0.0018104115620112041,-0.00041796394980574776,0.00021667258070091045,4.720181641534959e-05,0.20933499466485253,0.213720952249177,-1.18081469950611,4.0,0.0,0.0,0.1790560489760684,0.005992090644850942,0.25022214293686396
22.5,0.23489510142493,-1.1726514287164749,4.0034046799952945,7.983967882685405e-05,-0.0010416705085161126,0.204229179939031,0.2504850594540563,-0.0018068922221681886,-0.0004164935785740269,0.00021604159375169482,4.7068359557413964e-05,0.20933525006321974,0.23840319695407344,-1.1760798934094898,4.0,0.0,0.0,0.19999999999999993,0.005971009149482578,0.2496003346403839
22.6,0.25940676699432397,-1.1674912429222615,4.003389144996542,7.963781647335466e-05,-0.0010386405708766588,0.22516273017453292,0.25048904465586364,-0.001803371409678654,-0.00041502870093973113,0.00021541252075994472,4.693534376759855e-05,0.20933550486827368,0.26298087013748755,-1.1708292198018162,4.0,0.0,0.0,0.22094395102393236,0.0059500089692369985,0.24898006927999836
22.700000000000003,0.28380535303646764,-1.161818673562811,4.003373680902593,7.943644588559451e-05,-0.0010356196863723355,0.2460963058005774,0.2504930110228546,-0.0017998493631717597,-0.0004135692897999706,0.00021478527706683326,4.680275673402606e-05,0.2093357592300228,0.2874431912196593,-1.1650649818020702,4.0,0.0,0.0,0.2418879020478639,0.00592908986809004,0.2483613435576602
22.8,0.30808014792444427,-1.1556361933663963,4.003358287389946,7.923556154221245e-05,-0.0010326078241038594,0.2670299067701416,0.2504969587151223,-0.001796326326960349,-0.0004121153189322603,0.00021415987793440953,4.667056430994049e-05,0.2093360130797672,0.3117794302180758,-1.1587897077955482,4.0,0.0,0.0,0.26283185307179546,0.00590825159724225,0.24774415439980932
22.900000000000002,0.33222049402049947,-1.1489464990333225,4.003342964136983,7.90351603434658e-05,-0.0010296049549727293,0.28796353303003297,0.2505008878808085,-0.0017928025460651846,-0.00041066676289356696,0.00021353633989250502,4.653876398907661e-05,0.20933626637134525,0.3359789124539931,-1.152006150324829,4.0,0.0,0.0,0.28377580409572783,0.005887493895367851,0.2471284984173022
23.0,0.3562157923594038,-1.141752510058636,4.003327710823907,7.883524068930114e-05,-0.0010266110498728942,0.3088971845242652,0.2505047986592069,-0.001789278263016972,-0.0004092235968880208,0.00021291466316016597,4.640735662411116e-05,0.20933651909585588,0.3600310232347002,-1.1447172848824179,4.0,0.0,0.0,0.3047197551196594,0.005866816488956546,0.24651437206749843
23.1,0.3800555073018953,-1.1340573674539642,4.00331252713273,7.863578655564751e-05,-0.0010236260964067156,0.32983086123013816,0.2505086911169176,-0.0017857536441448082,-0.0004077857992975375,0.00021229453890913837,4.627600213852683e-05,0.20933677194382255,0.38392521250948103,-1.1369263086055972,4.0,0.0,0.0,0.32566370614359186,0.005846219097007851,0.2459017738724243
23.200000000000003,0.40372917116502555,-1.1258644323731843,4.003297412747335,7.843677661245607e-05,-0.0010206500814153863,0.35076456313161675,0.2505125653944106,-0.001782228915919065,-0.00040635334992794494,0.0002116762001320958,4.614506274368274e-05,0.2093370243012035,0.40765099949720823,-1.1286366388740563,4.0,0.0,0.0,0.3466076571675243,0.005825701432177415,0.2452907027090371
23.3,0.42722638882824354,-1.117177284645314,4.003282367353128,7.823821010477516e-05,-0.0010176829699197754,0.37169829016561806,0.2505164216379618,-0.0017787043052711314,-0.00040492622674414636,0.00021105978885893029,4.601458264693173e-05,0.20933727589462103,0.4311979772835635,-1.1198519118109158,4.0,0.0,0.0,0.3675516081914558,0.005805263195952938,0.2446811545610866
23.400000000000002,0.4505368423024042,-1.1079997212087653,4.003267390636885,7.804009394485334e-05,-0.0010147247276073301,0.39263204225774295,0.2505202599831574,-0.0017751800267897082,-0.0004035044075729318,0.00021044529805119058,4.588451485817282e-05,0.20933752676845138,0.45455581738585576,-1.1105759806878035,4.0,0.0,0.0,0.3884955592153873,0.0057849040786119,0.24407312480036647
23.5,0.4736502952638763,-1.0983357544491368,4.003252482286811,7.784243318065265e-05,-0.0010117753234006877,0.4135658193395728,0.25052408055647024,-0.001771656281750048,-0.00040208787047778125,0.00020983268824922185,4.5754847694058044e-05,0.20933777698753123,0.47771427428343244,-1.100812914234682,4.0,0.0,0.0,0.4094395102393189,0.005764623760535962,0.24346660917387308
23.6,0.4965565975528638,-1.0881896104419866,4.003237641989406,7.764527945486321e-05,-0.0010088346967007666,0.4344996213472654,0.250527883477793,-0.0017681332561388012,-0.0004006766518056975,0.00020922295462655636,4.5626187431613734e-05,0.20933802657611833,0.5006631899117049,-1.0905669948551697,4.0,0.0,0.0,0.4303834612632513,0.005744421911846577,0.24286160333099155
23.700000000000003,0.5192456896301841,-1.0775657270999872,4.003222869428986,7.744868487113976e-05,-0.001005902807663439,0.4554334481909792,0.2505316688087312,-0.0017646110484434933,-0.0003992707275766058,0.00020861496045318953,4.5497517530699985e-05,0.20933827497636945,0.523392498117809,-1.079842716748138,4.0,0.0,0.0,0.4513274122871837,0.0057242981969070905,0.242258101758941
23.8,0.5417076069973594,-1.0664687522273448,4.003208164291021,7.72526052883471e-05,-0.0010029796470161223,0.47636729976996905,0.2505354366610123,-0.0017610897763757345,-0.0003978700921287367,0.00020800801208885285,4.5369304406721264e-05,0.20933852257231192,0.5458922290759538,-1.0686447839364053,4.0,0.0,0.0,0.47227136331111524,0.005704252278579218,0.24165609865146592
23.900000000000002,0.5639324845807132,-1.054903541484854,4.0031935262602385,7.705695493198661e-05,-0.00100006516379203,0.49730117602184,0.25053918716688645,-0.0017575695792028394,-0.00039647475164590357,0.0002074019680320124,4.524183622294807e-05,0.20933876971372758,0.56815251366052,-1.0569781082033973,4.0,0.0,0.0,0.4932153143350477,0.00568428381407328,0.24105558972289817
24.0,0.5859105610671158,-1.042875156267925,4.003178955021849,7.686170015874794e-05,-0.0009971593363946596,0.5182350769355137,0.25054292038302417,-0.0017540506749220116,-0.0003950846690818196,0.00020679802765421814,4.511421260338553e-05,0.2093390170860877,0.5901635877749776,-1.0448478069386786,4.0,0.0,0.0,0.5141592653589793,0.005664392454407692,0.24045657400011117
24.1,0.6076321831949315,-1.0303888614892744,4.003164450265288,7.666688214769124e-05,-0.0009942621634801974,0.5391690025023612,0.25054663643742536,-0.001750533202860236,-0.0003936997955359813,0.00020619638977284403,4.4986982802787814e-05,0.20933926400615277,0.611915796634749,-1.0322592008932931,4.0,0.0,0.0,0.5351032163829117,0.0056445778468803545,0.2398590510026409
24.200000000000003,0.6290878099980002,-1.017450123266375,4.003150011685224,7.647255634557482e-05,-0.0009913736048221544,0.5601029526557966,0.2505503354473976,-0.0017470172741058487,-0.00039232006513163683,0.00020559716253045686,4.4860347557343224e-05,0.20933951005229867,0.6333995990021094,-1.019217811845911,4.0,0.0,0.0,0.5560471674068433,0.00562483963746766,0.23926301651133117
24.3,0.650268016997659,-1.0040646065289855,4.003135638980432,7.62787671346743e-05,-0.0009884936393715904,0.5810369272873848,0.2505540174788057,-0.0017435030243196255,-0.0003909454467356048,0.00020499998688807398,4.473374520849031e-05,0.20933975480199893,0.6546055713712949,-1.0057293601807895,4.0,0.0,0.0,0.5769911184307748,0.00560517747096777,0.23866846422732252
24.400000000000002,0.6711635003455505,-0.9902381725343231,4.003121331852108,7.608551928273144e-05,-0.0009856222570827633,0.6019709263022661,0.25055768266684514,-0.0017399905056608715,-0.0003895759164385726,0.00020440444298102663,4.4607559514561894e-05,0.2093399989778909,0.6755244121019615,-0.9917997623786261,4.0,0.0,0.0,0.5979350694547072,0.005585590991114169,0.23807538871385409
24.5,0.6917650809130588,-0.9759768762917996,4.003107090003306,7.589279391861936e-05,-0.0009827594260030104,0.6229049496520416,0.2505613311381257,-0.0017364797599347826,-0.00038821145060365813,0.00020381048893416363,4.4481807969573235e-05,0.20934024273178492,0.6961469454991887,-0.9774351284213953,4.0,0.0,0.0,0.6188790204786386,0.005566079842518826,0.2374837867965317
24.6,0.7120637083245109,-0.961286963908506,4.003092913138626,7.570057461459001e-05,-0.0009799051156234029,0.6438389972916765,0.2505649630093041,-0.0017329708189294177,-0.00038685202679994055,0.00020321819247592874,4.4356447110080574e-05,0.2093404859920271,0.7164641258382491,-0.9626417591123051,4.0,0.0,0.0,0.6398229715025712,0.005546643671855483,0.23689365551058306
24.700000000000003,0.7320504649343613,-0.9461748698512665,4.00307880096417,7.550885137064256e-05,-0.0009770592979507775,0.6647730691695815,0.25056857838976876,-0.001729463705465762,-0.0003854976235714918,0.000202627596139323,4.423146684387185e-05,0.20934072870773682,0.7364670413323561,-0.9474261433120608,4.0,0.0,0.0,0.6607669225265036,0.005527282128676489,0.23630499156801818
24.8,0.7517165697464889,-0.9306472141260316,4.003064753187488,7.531761751833344e-05,-0.0009742219453889867,0.6857071652309354,0.25057217738395643,-0.0017259584357965502,-0.00038414822015830853,0.0002020387114852698,4.4106865085297905e-05,0.20934097086600265,0.7561469180416706,-0.9317949550926335,4.0,0.0,0.0,0.6817108735504351,0.0055079948659426895,0.23571779151027783
24.900000000000002,0.7710533822737847,-0.9147107993757604,4.003050769517519,7.512686757449316e-05,-0.000971393030482659,0.7066412854201709,0.25057576009291305,-0.0017224550215607876,-0.000382803796406654,0.00020145153980265584,4.3982638259812535e-05,0.20934121246393944,0.7754951237218427,-0.9157550508097915,4.0,0.0,0.0,0.7026548245743667,0.005488781540369001,0.2351320518405038
25.0,0.7900524063326779,-0.8983726078976525,4.003036849665814,7.493656566914808e-05,-0.0009685725245116572,0.7275754297054284,0.2505793265681091,-0.0017189534209019024,-0.0003814643062920155,0.00020086543628907442,4.3858811686465077e-05,0.20934145399012988,0.794503171610397,-0.8993134660956769,4.0,0.0,0.0,0.7235987755982981,0.005469641816325223,0.23454777033193744
25.1,0.8087052937767845,-0.8816397985811352,4.003022993347137,7.474665524132007e-05,-0.000965760396780535,0.7485095980669176,0.2505828769003126,-0.0017154536229822591,-0.00038012971871962336,0.00020028068299097964,4.373537423557392e-05,0.2093416951610288,0.8131627241493082,-0.882477412772744,4.0,0.0,0.0,0.7445427266222305,0.005450575367492347,0.23396494538085852
25.200000000000003,0.8270038481717998,-0.8645197037694953,4.003009200277807,7.455712141091198e-05,-0.0009629566183888549,0.7694437904515006,0.25058641120588476,-0.0017119556423398968,-0.0003788000193467297,0.00019969779120993742,4.36122847263289e-05,0.2093419356180921,0.8314655966421284,-0.8652542756904177,4.0,0.0,0.0,0.7654866776461631,0.0054315818719266355,0.23338357359717218
25.3,0.8449400284012335,-0.8470198260456488,4.00299547017479,7.436798062032679e-05,-0.0009601611629981299,0.7903780067871482,0.250589929593755,-0.0017084594942396421,-0.0003774751958636777,0.00019911683555461546,4.348953592421908e-05,0.20934217535429286,0.8494037608440655,-0.8476516094858532,4.0,0.0,0.0,0.7864306286700946,0.005412661009574183,0.23280365060792305
25.400000000000002,0.8625059522016955,-0.8291478349427893,4.00298180275438,7.417926886033044e-05,-0.0009573739926587166,0.8113122470051017,0.2505934321652574,-0.001704965196075985,-0.0003761552594710713,0.00019853814493668893,4.336737494669736e-05,0.2093424144320012,0.8669693484834405,-0.8296771352702198,4.0,0.0,0.0,0.807374579694027,0.0053938124615659855,0.23222517208597143
25.5,0.8796938996285173,-0.8109115635814265,4.002968197730269,7.39910477598471e-05,-0.0009545950555804872,0.8322465110414297,0.2505969190160483,-0.0017014727674899716,-0.0003748402279661629,0.000197961866507501,4.3245841617589697e-05,0.20934265288171108,0.884154654712965,-0.8113387372419719,4.0,0.0,0.0,0.8283185307179586,0.005375035909243916,0.23164813381379454
25.6,0.8964963164503441,-0.7923190052343944,4.0029546548152295,7.380335258444504e-05,-0.0009518243212274236,0.8531807988341984,0.25060039023781994,-0.0016979822302497268,-0.00037353007949621794,0.00019738728052822227,4.3124502600837816e-05,0.20934289071327694,0.9009521414893485,-0.7926444592285729,4.0,0.0,0.0,0.849262481741891,0.005356331035112044,0.2310725319446768
25.700000000000003,0.9129058174668285,-0.7733783098215032,4.002941173723348,7.361614824263896e-05,-0.0009490617873413321,0.8741151102931086,0.2506038458625328,-0.0016944935334598905,-0.0003722248042655939,0.0001968137316413092,4.300324237519752e-05,0.20934312733501806,0.9173544408797275,-0.7736025011582127,4.0,0.0,0.0,0.8702064327658225,0.005337697527601084,0.23049836135994967
25.8,0.928915189756203,-0.7540977803343117,4.002927754167682,7.342934781862098e-05,-0.0009463074214894895,0.8950494453218649,0.25060728598693993,-0.0016910066810206122,-0.0003709244267952566,0.00019624084534342124,4.2882744298010134e-05,0.20934336326796602,0.9333543582934887,-0.7542212154630428,4.0,0.0,0.0,0.8911503837897541,0.0053191350800491635,0.229925616143037
25.900000000000002,0.9445173958535013,-0.7344858691959493,4.0029143958604765,7.324290039267822e-05,-0.000943561189442832,0.9159838038778929,0.2506107106902982,-0.0016875217397593187,-0.0003696289180000416,0.00019566974968800467,4.27622999794346e-05,0.2093435990272227,0.9489448756380532,-0.7345091034155258,4.0,0.0,0.0,0.9120943348136864,0.005300643385772885,0.22935429338267127
26.0,0.9597055768480183,-0.714551174557033,4.002901098516655,7.305683558156417e-05,-0.0009408230972063336,0.9369181859521065,0.25061412003380323,-0.0016840388123483749,-0.0003683382495231947,0.00019510083160668347,4.264185971900691e-05,0.20934383475738255,0.9641191543972408,-0.7144748113994986,4.0,0.0,0.0,0.933038285837618,0.0052822221382830105,0.22878439266230563
26.1,0.9744730554009634,-0.6943024365216885,4.002887861854009,7.28711875095378e-05,-0.0009380931356464117,0.9578525915144773,0.25061751412690964,-0.0016805579498143195,-0.0003670523931038895,0.000194533792311721,4.2521773080810165e-05,0.20934406988937013,0.9788705386308745,-0.6941271271175776,4.0,0.0,0.0,0.9539822368615505,0.005263871031128955,0.2282159121996289
26.200000000000003,0.9888133386824463,-0.6737485333115292,4.002874685592726,7.268597134713062e-05,-0.0009353712838424677,0.9787870204870979,0.2506208930455273,-0.0016770792176817701,-0.0003657713212300302,0.0001939685807622915,4.240191877885311e-05,0.20934430406588445,0.9931925578942906,-0.6734749757365865,4.0,0.0,0.0,0.9749261878854828,0.005245589757998763,0.22764884736724617
26.3,1.0027201212284684,-0.6528984773737821,4.002861569455229,7.250120329160836e-05,-0.0009326575317332164,0.9997214727690817,0.25062425684733614,-0.001673602693957962,-0.00036449500949849823,0.00019340525816059661,4.228222211745292e-05,0.20934453718494192,1.0070789300764929,-0.6525274159726824,4.0,0.0,0.0,0.9958701389094144,0.00522737801235969,0.22708319240588346
26.400000000000002,1.0161872877148757,-0.6317614114245992,4.0028485131660405,7.231689346287595e-05,-0.0009299518602161605,1.0206559482812843,0.250627605637142,-0.001670128409030378,-0.00036322343410778653,0.0001928436221178525,4.216294561309118e-05,0.20934476979029215,1.0205235641556938,-0.6312936361178999,4.0,0.0,0.0,1.016814089933346,0.005209235487656333,0.2265189426379594
26.5,1.0292089156465178,-0.6103466044338699,4.002835516451457,7.213303855335695e-05,-0.0009272542373000014,1.0415904469778479,0.25063093951168436,-0.0016666563952387587,-0.00036195657065997894,0.00019228361206006424,4.20440723466884e-05,0.209345001969311,1.0335205628710369,-0.6097829500098663,4.0,0.0,0.0,1.0377580409572775,0.005191161878123636,0.2259560950510982
26.6,1.0417792779625425,-0.5886634475586371,4.002822579039442,7.194963344892003e-05,-0.0009245646336890623,1.0625249688136131,0.2506342585591605,-0.0016631866857071255,-0.0003606943954336116,0.00019172523727885725,4.1925571976527186e-05,0.2093452336599374,1.0460642253093313,-0.5880047929464425,4.0,0.0,0.0,1.05870199198121,0.005173156879200169,0.22539464670661197
26.700000000000003,1.053892845556346,-0.56672145002283,4.002809700659613,7.176667481401111e-05,-0.0009218830218089558,1.0834595137381413,0.2506375628615747,-0.0016597193140141552,-0.0003594368853834446,0.00019116850942436535,4.1807439493821545e-05,0.20934546482479424,1.058149049405659,-0.5659687175470922,4.0,0.0,0.0,1.0796459430051424,0.005155220187689904,0.22483459439726367
26.8,1.0655442897088288,-0.5445302349448804,4.002796881043203,7.158416054142691e-05,-0.0009192093743513041,1.1043940816986852,0.2506408524967197,-0.001656254314705895,-0.0003581840180944157,0.00019061342911531404,4.168967274668226e-05,0.20934569545547224,1.0697697343567638,-0.5436843895627858,4.0,0.0,0.0,1.100589894029074,0.00513735150179559,0.22427593479249072
26.900000000000002,1.0767284844337766,-0.5220995351150511,4.002784119922996,7.140208888900546e-05,-0.0009165436642475377,1.1253286726420217,0.25064412753952636,-0.0016527917234301515,-0.0003569357718174888,0.00019005999178540266,4.157226813221223e-05,0.209345925550164,1.08092118294616,-0.521161583636279,4.0,0.0,0.0,1.1215338450530064,0.005119550521080657,0.22371866453897804
27.0,1.0874405087342929,-0.49943918872437365,4.002771417033269,7.122045818874767e-05,-0.000913885864757713,1.1462632865147189,0.2506473880629036,-0.0016493315767614758,-0.00035569212548215625,0.00018950819242803077,4.145522195628915e-05,0.20934615510620544,1.0915985037799363,-0.4984101790146389,4.0,0.0,0.0,1.142477796076938,0.005101816946404373,0.2231627802766596
27.1,1.0976756487667345,-0.4765591350479526,4.002758772109764,7.103925913876097e-05,-0.0009112359582372775,1.1671979232807432,0.25065063410355626,-0.0016458738748962242,-0.0003544530600068682,0.00018895786798546368,4.1338353019754904e-05,0.2093463844831554,1.1017970134322872,-0.4754401552158715,4.0,0.0,0.0,1.1634217471008703,0.00508415048210422,0.22260827972846878
27.200000000000003,1.1074293999142826,-0.4534694100830663,4.0027461848897055,7.085847475840623e-05,-0.0009085939326141101,1.188132582918918,0.2506538657157093,-0.0016424186303050947,-0.0003532185582147954,0.00018840903620353082,4.122173285747612e-05,0.20934661359475798,1.1115122384998148,-0.45226158765158353,4.0,0.0,0.0,1.1843656981248016,0.0050665508375965845,0.2220551615116835
27.3,1.116697468773935,-0.4301801421430699,4.002733655111647,7.067809792449253e-05,-0.0009059597634131222,1.2090672653839452,0.25065708298815204,-0.0016389658889648597,-0.00035198860236254,0.00018786186770391336,4.1105524695672476e-05,0.20934684205273968,1.1207399175637132,-0.4288846432075662,4.0,0.0,0.0,1.2053096491487332,0.005049017724201645,0.22150342274407986
27.400000000000002,1.1254757750501543,-0.4067015474115189,4.0027211825148195,7.049813967574536e-05,-0.0009033334150982952,1.2300019706084226,0.2506602860038581,-0.0016355156974282822,-0.0003507631820649335,0.0001873165352997499,4.098978182523253e-05,0.20934706982331389,1.129476003058968,-0.4053195757842672,4.0,0.0,0.0,1.2262536001726658,0.005031550852369956,0.22095305918380642
27.5,1.1337604533521755,-0.3830439254585582,4.002708766836705,7.031865037454565e-05,-0.0009007148335897774,1.2509366985266963,0.2506634748392147,-0.001632068103071607,-0.00034954232183459787,0.00018677365027633017,4.08748337684863e-05,0.20934729696563628,1.1377166630497497,-0.38157672179909286,4.0,0.0,0.0,1.2471975511965976,0.005014149930463202,0.22040406648013758
27.6,1.141547854896752,-0.3592176547203816,4.00269640781347,7.013967608493488e-05,-0.000898103978382192,1.2718714490779224,0.2506666495657961,-0.0016286231535783862,-0.00034832599578100206,0.00018623242019022375,4.0760095371495975e-05,0.20934752351265248,1.1454582829102309,-0.35766649565250785,4.0,0.0,0.0,1.2681415022205298,0.004996814665263453,0.2198564407283212
27.700000000000003,1.148834549115828,-0.3352331879437777,4.002684105183804,6.996121244373654e-05,-0.0008955008338649151,1.2928062222034455,0.2506698102520435,-0.0016251808962424235,-0.0003471141684028376,0.00018569270020593463,4.0645697211340224e-05,0.20934774947521323,1.1526974669100774,-0.3335993851599415,4.0,0.0,0.0,1.2890854532444622,0.004979544764265475,0.2193101784257005
27.8,1.155617325168443,-0.3111010475978141,4.002671858689794,6.978325782469597e-05,-0.0008929053609159077,1.3137410178454356,0.25067295696420133,-0.0016217413773697963,-0.0003459067947570652,0.00018515466884130706,4.0531955863889344e-05,0.20934797485962633,1.1594310397039294,-0.3093859469514822,4.0,0.0,0.0,1.3100294042683938,0.004962339936305997,0.2187652758034858
27.900000000000002,1.1618931933523082,-0.28683182125677453,4.002659668073834,6.960576207060143e-05,-0.0008903175160464016,1.3346758359175803,0.2506760897101895,-0.0016183045671167406,-0.00034470389440875357,0.0001846170900113273,4.041861506995041e-05,0.20934819907498284,1.165656047724213,-0.28503680184138885,4.0,0.0,0.0,1.3309733552923253,0.004945199893709721,0.2182217273963185
28.0,1.1676593864218046,-0.26243615695152595,4.002647533077624,6.942865085646233e-05,-0.0008877372806841421,1.3556106763307696,0.2506792085702426,-0.0016148704949047648,-0.00034350544337900834,0.00018408084378005775,4.030542826509488e-05,0.20934842270705478,1.1713697604766722,-0.26056263016945347,4.0,0.0,0.0,1.3519173063162568,0.00492812435184956,0.2176795278912009
28.1,1.1729133608157203,-0.23792475849567538,4.0026354534451425,6.925193091733561e-05,-0.0008851646577090477,1.3765455390638452,0.2506823135713814,-0.0016114392776934562,-0.00034231141811178547,0.00018354657700542004,4.0192199904646565e-05,0.2093486464925081,1.176569671738054,-0.23597416711624927,4.0,0.0,0.0,1.3728612573401895,0.0049111130257592315,0.2171386761339923
28.200000000000003,1.1776527977812132,-0.21330838078634146,4.002623428922722,6.907563295621699e-05,-0.000882599643435622,1.3974804241079095,0.2506854047956061,-0.0016080109862287781,-0.00034112179640992103,0.0001830140949574848,4.007926870233991e-05,0.20934886990140572,1.1812535006554203,-0.21128219799432876,4.0,0.0,0.0,1.3938052083641217,0.004894165629353612,0.21659917159126413
28.3,1.1818756043948768,-0.1885978250785017,4.002611459258587,6.889976668800202e-05,-0.0008800422137378305,1.4184153314116958,0.2506884823285887,-0.0016045856662944558,-0.00033993655568253736,0.00018248319764400264,3.9966692845871654e-05,0.20934909266665375,1.1854191927466058,-0.18649755351742706,4.0,0.0,0.0,1.414749159388053,0.00487728187580193,0.2160610110734559
28.400000000000002,1.1855799144879096,-0.16380393424482462,4.002599544202597,6.872433708604575e-05,-0.0008774923519583311,1.4393502608947149,0.25069154621345285,-0.0016011633911488987,-0.0003387556755106426,0.0001819539949193996,3.985427368726671e-05,0.20934931446203708,1.189064920801382,-0.16163110504974976,4.0,0.0,0.0,1.4356931104119854,0.004860461477798841,0.21552418985798152
28.5,1.188764089472256,-0.13893758801664435,4.002587683506254,6.854935541644736e-05,-0.0008749500483937744,1.4602852124661911,0.25069459650403353,-0.0015977442189417652,-0.00033757913765699926,0.0001814264813884253,3.9742084923631746e-05,0.2093495354220155,1.1921890856829314,-0.13669375983744073,4.0,0.0,0.0,1.4566370614359172,0.004843704147599224,0.21498870274898713
28.6,1.1914267190634293,-0.11400969820445285,4.00257587692254,6.837482541666162e-05,-0.0008724152811305785,1.4812201860617504,0.25069763328338235,-0.0015943281750088042,-0.0003364069235620128,0.00018090050430400706,3.963029239399173e-05,0.20934975592983843,1.1947903170292828,-0.11169645622429492,4.0,0.0,0.0,1.4775810124598496,0.004827009597539004,0.21445454584969817
28.700000000000003,1.193566621902934,-0.08903120390541021,4.002564124206433,6.820072883106931e-05,-0.0008698880127928632,1.5021551816387682,0.25070065662787705,-0.0015909152832754157,-0.00033523899700128363,0.00018037576505878998,3.951903497469986e-05,0.20934997601916794,1.1968674738543958,-0.0866501588538478,4.0,0.0,0.0,1.4985249634837812,0.0048103775412181625,0.21392171624526565
28.8,1.1951828460819374,-0.06401306670095704,4.002552425115617,6.802703142572142e-05,-0.0008673682008946138,1.523090199153133,0.25070366660740206,-0.0015875055656696029,-0.0003340753208781708,0.0001798522434419163,3.940826308840855e-05,0.20935019563604287,1.1984196450486364,-0.06156585385991289,4.0,0.0,0.0,1.5194689145077127,0.004793807694414535,0.21339021085302473
28.900000000000002,1.1962746695645088,-0.038966265844348834,4.002540779409601,6.785371597661793e-05,-0.0008648558156125752,1.5440252385564452,0.2507066632873664,-0.0015840990423784975,-0.0003329158783776625,0.00017933028814932353,3.929776432112058e-05,0.20935041475294425,1.1994461497784192,-0.03645454404770344,4.0,0.0,0.0,1.540412865531645,0.0047772997748958095,0.21286002653930544
29.0,1.196841600509993,-0.013901793440156702,4.002529186848794,6.768078863794713e-05,-0.000862350837350423,1.5649602997986163,0.2507096467303034,-0.001580695732550299,-0.0003317606561618274,0.0001788099818598652,3.918755251123755e-05,0.20935063336346024,1.1999465377848433,-0.011327244067641785,4.0,0.0,0.0,1.5613568165555767,0.0047608535020923085,0.2123311602380875
29.1,1.1968833774943206,0.011169350382101293,4.002517647194411,6.750825790735604e-05,-0.0008598532446217888,1.5858953828291362,0.2507126169968781,-0.0015772956547521833,-0.00033060964151834186,0.0001782912847111458,3.907764793060557e-05,0.2093508514650947,1.1999205895811909,0.013805024416037917,4.0,0.0,0.0,1.582300767579509,0.004744468597148084,0.21180360883721988
29.200000000000003,1.1963999696301466,0.036236162298031595,4.002506160208396,6.733612848996984e-05,-0.0008573630150410239,1.606830487597227,0.2507155741465273,-0.0015738988271789666,-0.00032946282189649946,0.0001777741564544364,3.896805046890281e-05,0.20935106905472856,1.199368316549202,0.03893123755974842,4.0,0.0,0.0,1.6032447186034415,0.0047281447829282865,0.21127736919374135
29.3,1.1953915765857606,0.06128764061998966,4.002494725653411,6.716440255294387e-05,-0.0008548801264414152,1.6277656140517998,0.2507185182378334,-0.0015705052677979566,-0.00032832018477338155,0.00017725857868394548,3.8858757764274464e-05,0.20935128612938028,1.198289960934081,0.06404037417597472,4.0,0.0,0.0,1.624188669627373,0.0047118817840242876,0.21075243814779424
29.400000000000002,1.1938586285024522,0.08631279012781107,4.002483343292845,6.699308017754646e-05,-0.0008524045582687378,1.6487007621443208,0.2507214493232175,-0.0015671149885978686,-0.0003271817177610761,0.0001767445178193176,3.874974039049421e-05,0.20935150274455053,1.1966859957382407,0.08912142056753328,4.0,0.0,0.0,1.6451326206513046,0.004695679327111385,0.2102288127011452
29.5,1.191801785808288,0.1113006268943617,4.0024720128908795,6.68221496757937e-05,-0.0008499363025684659,1.6696359318519338,0.2507243674115557,-0.0015637279543292536,-0.00032604741029765516,0.00017623175989199682,3.864077367234471e-05,0.209351719366215,1.194557124513828,0.11416337535854043,4.0,0.0,0.0,1.6660765716752364,0.004679537144213992,0.2097064914415421
29.6,1.1892219389335057,0.13624018311008018,4.002460734212575,6.665159847640822e-05,-0.0008474753471534591,1.6905711231491578,0.2507272725785389,-0.0015603441901287695,-0.00032491725175381775,0.00017572052244399278,3.853217097490958e-05,0.20935193543616973,1.191904281054121,0.13915525431998158,4.0,0.0,0.0,1.6870205226991684,0.004663454971988182,0.20918547275321525
29.700000000000003,1.1861202079283582,0.16112051190296106,4.0024495070214865,6.648146390331178e-05,-0.0008450216430819779,1.7115063359741622,0.2507301648965575,-0.0015569637215432338,-0.00032379126916806146,0.00017521157691729398,3.842433462260168e-05,0.20935215083208555,1.188728628983939,0.16408609518775377,4.0,0.0,0.0,1.7079644737231008,0.004647432546100134,0.20866575255966907
29.8,1.1824979419769082,0.18593069214554578,4.002438331079063,6.631179941507526e-05,-0.0008425751467600051,1.732441570262428,0.25073304443180344,-0.0015535865750365026,-0.0003226694506475847,0.00017470437744806738,3.8316773525041536e-05,0.2093523656128309,1.1850315612492361,0.18894496247107942,4.0,0.0,0.0,1.7289084247470323,0.0046314696008536126,0.20814732672366956
29.900000000000002,1.1783567188098094,0.2106598332507082,4.002427206147813,6.61426091630446e-05,-0.0008401358446943341,1.7533768259549483,0.2507359112457875,-0.0015502127784572553,-0.00032155177461894413,0.00017419853040974098,3.820942218035674e-05,0.20935257982316363,1.18081469950611,0.21372095224917695,4.0,0.0,0.0,1.749852375770965,0.004615565871066713,0.20763019176263953
30.0,1.1736983440166298,0.23529707995427823,4.002416131992144,6.597387611284589e-05,-0.0008377037225639761,1.774312102995717,0.2507387653968248,-0.001546842360194035,-0.00032043821890727093,0.00017369401182036642,3.8102347139931826e-05,0.20935279347756014,1.1760798934094898,0.2384031969540734,4.0,0.0,0.0,1.7707963267948976,0.004599721092686875,0.20711434432764375
30.1,1.168524850258076,0.25983161708237656,4.002405108378262,6.580558630808753e-05,-0.0008352787614080981,1.7952474013297053,0.25074160694116226,-0.0015434753485988504,-0.00031932876180205955,0.00017319089022758578,3.799556281585542e-05,0.2093530065818499,1.1708292198018164,0.26298087013748644,4.0,0.0,0.0,1.791740277818828,0.004583935002857789,0.20659978106600105
30.200000000000003,1.162838496378454,0.2842526743013281,4.002394135071745,6.563769621337201e-05,-0.0008328609192220782,1.8161827209024608,0.25074443593369444,-0.0015401117718512715,-0.0003182234247862589,0.00017268845910649,3.788950315989864e-05,0.20935321914210922,1.1650649818020702,0.2874431912196592,4.0,0.0,0.0,1.8126842288427605,0.004568207338715114,0.20608649831941198
30.3,1.1566417664174504,0.30854953084601533,4.002383211836966,6.547014697844133e-05,-0.0008304501649050167,1.8371180616441194,0.25074725239713097,-0.00153675161669477,-0.0003171221879745753,0.00017218717832467355,3.7783477043804206e-05,0.20935343083572208,1.1587897077955482,0.31177943021807564,4.0,0.0,0.0,1.833628179866693,0.00455253783918751,0.20557449169992453
30.400000000000002,1.149937368523078,0.3327115202275377,4.002372338440316,6.530292370898749e-05,-0.0008280465012981963,1.858053423472949,0.25075005637340647,-0.0015333948755587598,-0.00031602502663892273,0.00017168741287843425,3.7677524101091504e-05,0.20935364177044782,1.152006150324829,0.33597891245399303,4.0,0.0,0.0,1.8545721308906236,0.004536926248040337,0.2050637566553587
30.5,1.1427282337723432,0.3567280349192424,4.002361514650683,6.513604866853484e-05,-0.0008256499307348619,1.8789888063558093,0.2507528478794193,-0.001530041642532566,-0.0003149319174852408,0.0001711895443826895,3.7571592920749814e-05,0.20935385281495264,1.1447172848824179,0.36003102323470015,4.0,0.0,0.0,1.875516081914556,0.00452137231113831,0.20455429137380315
30.6,1.135017514890716,0.3805885310185985,4.002350740239192,6.496955203960653e-05,-0.0008232604428592971,1.8999242102808482,0.2507556269937278,-0.0015266919641851635,-0.0003138428379742277,0.00017069332182883854,3.746600580074479e-05,0.20935406346460395,1.1369263086055972,0.383925212509481,4.0,0.0,0.0,1.8964600329384884,0.004505875773889232,0.20404609507023347
30.700000000000003,1.1268085848683755,0.40428253288062166,4.002340014978774,6.480344278658734e-05,-0.0008208780107001878,1.9208596351980542,0.25075839379137965,-0.00152334587116972,-0.0003127577650803589,0.00017019859205645406,3.736076522158588e-05,0.20935427351547864,1.1286366388740563,0.4076509994972082,4.0,0.0,0.0,1.9174039839624208,0.00449043638142553,0.20353916459009133
30.8,1.1181050354846798,0.4277996377181196,4.002329338643992,6.463772494935682e-05,-0.0008185026133946671,1.9417950810402935,0.25076114832228097,-0.0015200034068710293,-0.00031167667730711826,0.00016970540478701248,3.7255757984245995e-05,0.20935448282145097,1.1198519118109158,0.43119797728356346,4.0,0.0,0.0,1.9383479349863533,0.004475053878962998,0.203033495900262
30.900000000000002,1.1089106757382516,0.45112952016986435,4.002318711011064,6.447241109563961e-05,-0.0008161342403951721,1.9627305477248225,0.25076389061429216,-0.0015166646325598986,-0.00031059955552058374,0.0001692138686227752,3.7150898715203794e-05,0.2093546912144464,1.1105759806878035,0.4545558173858557,4.0,0.0,0.0,1.959291886010284,0.0044597280119018255,0.2025290842433861
31.0,1.0992295301774753,0.4742619368371643,4.002308131857793,6.430751119612665e-05,-0.0008137728740584826,1.9836660351822246,0.2507666207396033,-0.0015133295647572133,-0.00030952638095008806,0.0001687238038009382,3.704642147447177e-05,0.2093548991448374,1.100812914234682,0.4777142742834323,4.0,0.0,0.0,1.9802358370342146,0.004444458525904116,0.20202592550777196
31.1,1.0890658371342237,0.4971867307843905,4.00229760096331,6.414302278212602e-05,-0.0008114184853074136,2.0046015433710505,0.25076933876527685,-0.001509998219726989,-0.0003084571341207002,0.0001682351476043099,3.694230963415104e-05,0.20935510669042068,1.09056699485517,0.5006631899117049,4.0,0.0,0.0,2.001179788058149,0.004429245167480123,0.20152401697610614
31.200000000000003,1.0784240468670723,0.5198938359999866,4.002287118107987,6.397894114318348e-05,-0.0008090710476968965,2.025537072250718,0.25077204475236875,-0.0015066706128041756,-0.0003073917960476423,0.00016774790500064232,3.683853319495591e-05,0.2093553137998176,1.079842716748138,0.5233924981178089,4.0,0.0,0.0,2.0221237390820797,0.0044140876844497206,0.20102335601281945
31.3,1.0673088196117002,0.5423732818178488,4.002276683073454,6.381526301524332e-05,-0.0008067305365817568,2.0464726217761804,0.25077473875765455,-0.0015033467582725225,-0.0003063303482631914,0.00016726208681049353,3.6735085276672124e-05,0.20935552044032313,1.0686447839364053,0.5458922290759537,4.0,0.0,0.0,2.0430676901060116,0.004398985826205877,0.20052393975824032
31.400000000000002,1.055725023539059,0.5646151972971011,4.002266295642569,6.365198630708946e-05,-0.0008043969277604646,2.0674081919003218,0.25077742083514454,-0.0015000266699977003,-0.00030527277278748417,0.00016677769459366333,3.663196214505224e-05,0.20935572660364077,1.0569781082033973,0.5681525136605199,4.0,0.0,0.0,2.0640116411299445,0.004383939343836384,0.2000257652451755
31.5,1.043677732622135,0.5866098155582758,4.0022559555993755,6.348910932896246e-05,-0.0008020701974040811,2.0883437825755236,0.2507800910371193,-0.0014967103617720254,-0.0003042190521658132,0.00016629472485876848,3.652915916580031e-05,0.20935593228743982,1.0448478069386786,0.5901635877749775,4.0,0.0,0.0,2.0849555921538747,0.0043689479901675736,0.19952882948402856
31.6,1.0311722244122612,0.6083474780739533,4.002245662729066,6.332663049457565e-05,-0.0007997503221006674,2.109279393753921,0.25078274941476486,-0.0014933978474037915,-0.0003031691694823101,0.0001658131734363624,3.6426671923034756e-05,0.20935613748890425,1.0322592008932938,0.611915796634748,4.0,0.0,0.0,2.105899543177807,0.004354011519776348,0.19903312947690008
31.700000000000003,1.0182139777259613,0.6298186389119418,4.00223541681793,6.316454830290752e-05,-0.0007974372788224215,2.1302150253873666,0.25078539601854344,-0.001490089140754574,-0.00030212310834510557,0.00016533303658038554,3.632449646339049e-05,0.2093563422051331,1.019217811845911,0.6333995990021093,4.0,0.0,0.0,2.1268434942017396,0.004339129688962125,0.19853866221585373
31.8,1.004808670243351,0.6510138689291148,4.00222521765332,6.300286136617927e-05,-0.0007951310448865989,2.1511506774274514,0.25078803089840124,-0.001486784255793332,-0.0003010808528549692,0.0001648543107019399,3.6222629173561124e-05,0.20935654643393076,1.0057293601807897,0.6546055713712948,4.0,0.0,0.0,2.14778744522567,0.0043243022557068606,0.19804542468319797
31.900000000000002,0.9909621760191462,0.6719238599140501,4.002215065023606,6.284156840319355e-05,-0.000792831597929311,2.1720863498255865,0.2507906541038834,-0.0014834832066583478,-0.0003000423875655858,0.0001643769920949694,3.612106672575887e-05,0.2093567501738885,0.9917997623786262,0.6755244121019615,4.0,0.0,0.0,2.168731396249605,0.004309528979628912,0.19755341385527644
32.0,0.9766805629073821,0.6925394286766446,4.002204958718144,6.26806682180181e-05,-0.0007905389158753273,2.1930220425330695,0.2507932656841974,-0.001480186007713448,-0.00029900769743901106,0.00016390107689960047,3.601980605901427e-05,0.2093569534241876,0.9774351284213953,0.6961469454991887,4.0,0.0,0.0,2.189675347273535,0.004294809621926756,0.19706262670701483
32.1,0.9619700899003968,0.7128515210801474,4.002194898527428,6.252015569829794e-05,-0.0007882529835172569,2.2139577555197985,0.25079586565165096,-0.0014768926344605612,-0.0002979767654440793,0.00016342647970644987,3.591871148184698e-05,0.20935715656689244,0.9626417591123053,0.7164641258382491,4.0,0.0,0.0,2.2106192982974675,0.004280143947835188,0.19657306133585545
32.2,0.9468372043837567,0.7328512160186976,4.002184884241922,6.236007425508561e-05,-0.0007859737550903745,2.2348934887631993,0.2507984540544562,-0.0014736030926376451,-0.0002969495964183451,0.00016295429462767971,3.5818541500846246e-05,0.20935735934124708,0.9474261433120609,0.7364670413323561,4.0,0.0,0.0,2.2315632493214,0.004265531726615654,0.196084715909198
32.300000000000004,0.9312885393097182,0.7525297293407776,4.00217491565148,6.220048332972183e-05,-0.0007837011835145624,2.25582924221497,0.2508010309560561,-0.001470317403566235,-0.000295926170597709,0.00016248359772054138,3.5718553882645125e-05,0.20935756151641652,0.9317949550926337,0.7561469180416706,4.0,0.0,0.0,2.252507200345331,0.004250972727989083,0.19559758716048278
32.4,0.9153309102890849,0.7718784177101273,4.002164992547241,6.204137329302029e-05,-0.0007814352612154352,2.2767650158153456,0.2508035964153322,-0.0014670355895122025,-0.00029490647065635845,0.00016201402249228588,3.5618764265270174e-05,0.2093577630996077,0.9157550508097915,0.7754951237218427,4.0,0.0,0.0,2.273451151369263,0.004236466721938691,0.1951116716302876
32.5,0.8989713126024356,0.7908887824034827,4.002155114721824,6.188271859430827e-05,-0.0007791759746154092,2.2977008095075595,0.25080615048654653,-0.001463757673880659,-0.00029389047970707007,0.00016154561086838463,3.5519245723246434e-05,0.20935796413648713,0.8993134660956769,0.7945031716103969,4.0,0.0,0.0,2.2943951023931954,0.004222013478924241,0.19462696593053935
32.6,0.8822169181322083,0.8095524730448458,4.0021452819691214,6.172450155172982e-05,-0.0007769233057799418,2.3186366232383158,0.25080869322072125,-0.00146048368058686,-0.00029287818153047137,0.00016107845820184113,3.54200002197111e-05,0.20935816464854745,0.882477412772744,0.8131627241493082,4.0,0.0,0.0,2.3153390534171265,0.004207612769975131,0.19414346681779587
32.7,0.8650750722170782,0.8278612912747569,4.002135494084172,6.156671207335762e-05,-0.0007746772366750143,2.339572456955759,0.25081122466682343,-0.0014572136334472818,-0.00029186956075876255,0.0001606126080316725,3.5321023753223776e-05,0.2093583646434169,0.8652542756904177,0.8314655966421284,4.0,0.0,0.0,2.3362830044410607,0.004193264366773484,0.19366117113546197
32.800000000000004,0.8475532904300453,0.8458071943529443,4.002125750861127,6.14093127100368e-05,-0.0007724377303004459,2.3605083106086724,0.2508137448725173,-0.0014539475559661032,-0.00029086463874820195,0.00016014743440891858,3.5222688643343775e-05,0.20935856412662948,0.8476516094858525,0.8494037608440662,4.0,0.0,0.0,2.357226955464991,0.004178968040722497,0.1931800754851022
32.9,0.8296592552816721,0.863382298692732,4.002116052092691,6.12522561169726e-05,-0.0007702047512423427,2.3814441841463925,0.2508162538846289,-0.0014506854712876464,-0.0002898634018143278,0.0001596834198798855,3.512455790087431e-05,0.20935876310393328,0.8296771352702206,0.8669693484834398,4.0,0.0,0.0,2.3781709064889216,0.004164723562733722,0.19270017650930135
33.0,0.8114008128499086,0.8805788833251247,4.002106397572823,6.109553626965081e-05,-0.0007679782915595013,2.4023800775154465,0.25081875174296886,-0.0014474273933006345,-0.000288865829344998,0.00015922084836153124,3.5026538037115694e-05,0.20935896151166414,0.8113387372419719,0.884154654712965,4.0,0.0,0.0,2.3991148575128562,0.004150530705101775,0.19222147109884138
33.1,0.792785969338017,0.8973893932889582,4.002096787097415,6.0939154780559335e-05,-0.0007657583527995726,2.4233159906423474,0.2508212384540062,-0.001444173290471587,-0.0002878719024785396,0.0001587595758827795,3.492852247421274e-05,0.20935915900857585,0.7926444592285738,0.9009521414893478,4.0,0.0,0.0,2.4200588085367865,0.004136389244539083,0.19174395516146225
33.2,0.7738228875650467,0.913806442952563,4.002087220464215,6.078312095247895e-05,-0.000763544939508698,2.444251923481213,0.25082371403210424,-0.001440923238020539,-0.00028688160500715885,0.00015829993744770395,3.48305604392059e-05,0.20935935653019927,0.7736025011582127,0.9173544408797274,4.0,0.0,0.0,2.441002759560719,0.004122298961225313,0.1912676261905129
33.300000000000004,0.7545198833840528,0.9298228192646719,4.0020776974734,6.0627439998572896e-05,-0.0007613380298687744,2.465187876016702,0.2508261785505253,-0.0014376772698161285,-0.00028589490083191706,0.0001578414638336898,3.4733134100833046e-05,0.20935955367366874,0.754221215463042,0.9333543582934893,4.0,0.0,0.0,2.4619467105846513,0.004108259635182955,0.190792483032935
33.4,0.7348854220294452,0.9454314849243239,4.002068217927512,6.0472094281838196e-05,-0.0007591375854123505,2.486123848202575,0.250828632076173,-0.001434435408905971,-0.0002849117638910746,0.00015738420551420664,3.4636068924916927e-05,0.20935975027531054,0.7345091034155267,0.9489448756380525,4.0,0.0,0.0,2.4828906616085824,0.004094271046496286,0.19031852257034546
33.5,0.7149281144031573,0.9606255814733592,4.0020587816303745,6.0317079853877686e-05,-0.00075694358345757,2.507059839985363,0.250831074667891,-0.0014311976749296815,-0.0002839321794671564,0.00015692835914952612,3.4539239398930966e-05,0.20935994635147787,0.7144748113994988,0.9641191543972408,4.0,0.0,0.0,2.503834612632515,0.004080332975281846,0.18984574150276345
33.6,0.6946567133002691,0.9753984323112699,4.00204938838673,6.016241550232948e-05,-0.0007547560185914293,2.527995851290381,0.2508335063310472,-0.0014279641356475348,-0.0002829561366041808,0.0001564741717104149,3.444242759497705e-05,0.2093601414441503,0.6941271271175776,0.9788705386308745,4.0,0.0,0.0,2.524778563656447,0.004066445201794922,0.18937413559743227
33.7,0.6740801095680816,0.9897435456306094,4.002040038002257,6.0008122006127707e-05,-0.0007525748815329081,2.5489318820437026,0.2508359271294661,-0.0014247348018128884,-0.0002819836249854963,0.00015602141206237725,3.434594517624224e-05,0.20936033606673415,0.6734749757365867,0.9931925578942906,4.0,0.0,0.0,2.5457225146803792,0.004052607506247983,0.18890370061500675
33.800000000000004,0.653207328200286,1.0036546172695837,4.002030730283298,5.9854202478337726e-05,-0.0007504001469058608,2.5698679322052733,0.2508383371233117,-0.0014215096840658012,-0.0002810146327017499,0.0001555699748028189,3.424978721113198e-05,0.20936053033976293,0.6525274159726824,1.0070789300764929,4.0,0.0,0.0,2.566666465704312,0.004038819669199345,0.18843443397588086
33.9,0.6320475243768372,1.0171255334826859,4.002021465036801,5.9700654897021366e-05,-0.0007482317917784087,2.5908040017382064,0.2508407363671608,-0.0014182887923480626,-0.00028004914768423045,0.00015511985248807395,3.415391925152298e-05,0.20936072421459065,0.6312936361178999,1.0205235641556938,4.0,0.0,0.0,2.5876104167282423,0.00402508147205439,0.18796633330408777
34.0,0.6106099794468015,1.0301503736281108,4.002012242070396,5.954747795788862e-05,-0.0007460697952894613,2.6117400906009856,0.2508431249114947,-0.001415072135465617,-0.00027908715773826296,0.0001546710547820261,3.405833500226188e-05,0.20936091765357473,0.6097829500098663,1.0335205628710369,4.0,0.0,0.0,2.6085543677521734,0.00401139269737643,0.18749939599310889
34.1,0.5889040968556717,1.0427234127705816,4.0020030611924415,5.9394671372281493e-05,-0.0007439141369256497,2.6326761987496683,0.25084550280413637,-0.0014118597217187237,-0.000278128650495224,0.00015422358232171745,3.3963032863730536e-05,0.20936111064654164,0.5880047929464425,1.0460642253093313,4.0,0.0,0.0,2.629498318776107,0.003997753129057335,0.1870336193070093
34.2,0.5669393980189049,1.054839124198356,4.001993922212039,5.9242235027401335e-05,-0.000741764796376998,2.6536123261397195,0.2508478700912633,-0.0014086515593068542,-0.0002771736134775353,0.00015377742945769934,3.38680101041483e-05,0.20936130319124244,0.5659687175470922,1.058149049405659,4.0,0.0,0.0,2.650442269800038,0.003984162552401735,0.18656900048021272
34.300000000000004,0.5447255181435233,1.0664921818532693,4.0019848249390515,5.9090168619047034e-05,-0.0007396217536013161,2.6745484727263786,0.25085022681803654,-0.0014054476564428103,-0.0002762220341548901,0.0001533325898007317,3.3773264083473503e-05,0.2093614952850771,0.5436843895627848,1.0697697343567643,4.0,0.0,0.0,2.671386220823972,0.003970620754174009,0.1861055367373028
34.4,0.522272201999639,1.0776774626727355,4.00197576918411,5.8938471666714065e-05,-0.0007374849887904489,2.695484638464606,0.2508525730289691,-0.0014022480213943282,-0.00027527389997644247,0.0001528890579558849,3.367879261004923e-05,0.20936168692514628,0.52116158363628,1.0809211829461594,4.0,0.0,0.0,2.6923301718479027,0.003957127522601497,0.18564322529108543
34.5,0.49958929964377635,1.0883900488426559,4.001966754758623,5.878714359752735e-05,-0.0007353544823280878,2.7164208233091074,0.2508549087681321,-0.0013990526625396122,-0.0002743291983883883,0.00015244682922316364,3.3584593789256225e-05,0.20936187810917217,0.49841017901463897,1.0915985037799363,4.0,0.0,0.0,2.713274122871834,0.003943682647371965,0.18518206334208462
34.6,0.47668676209587807,1.0986252299602421,4.001957781474776,5.8636183790650165e-05,-0.0007332302147653458,2.737357027214392,0.25085723407926924,-0.0013958615884343225,-0.0002733879168449703,0.0001520058991445966,3.34906659439942e-05,0.20936206883566383,0.4754401552158726,1.1017970134322868,4.0,0.0,0.0,2.734218073895766,0.003930285919597984,0.18472204808228326
34.7,0.45357463697189765,1.108378505105795,4.001948849145543,5.848559158705413e-05,-0.0007311121667967768,2.758293250134856,0.25085954900585605,-0.0013926748078740246,-0.00027245004281383395,0.00015156626334446443,3.339700758691991e-05,0.20936225910372916,0.4522615876515836,1.1115122384998146,4.0,0.0,0.0,2.7551620249196986,0.00391693713179745,0.1842631766994671
34.800000000000004,0.43026306407389925,1.1176455848225268,4.001939957584676,5.833536629840097e-05,-0.0007290003192452765,2.7792294920248226,0.25086185359113256,-0.0013894923299453802,-0.0002715155637789296,0.0001511279175252313,3.330361737991184e-05,0.20936244891287292,0.42888464320756536,1.1207399175637134,4.0,0.0,0.0,2.7761059759436306,0.003903636077846443,0.1838054463790332
34.9,0.40676227093960216,1.1264223930035537,4.001931106606654,5.818550815650525e-05,-0.000726894652463006,2.800165752838579,0.25086414787811756,-0.001386314164062718,-0.0002705844683578194,0.00015069087708919154,3.321050581124753e-05,0.20936263826293558,0.40531957578426825,1.1294760030589674,4.0,0.0,0.0,2.7970499269675613,0.0038903825529131046,0.18334885429936257
35.0,0.38308256835332344,1.1347050686852236,4.0019222960247305,5.803604799359263e-05,-0.0007247951284070631,2.8211020325304137,0.2508664319095965,-0.0013831403199584176,-0.0002696567797708123,0.0001502557492999122,3.311803228792008e-05,0.20936282715402701,0.3815767217990929,1.1377166630497497,4.0,0.0,0.0,2.8179938779914937,0.0038771763524539575,0.18289339743203595
35.1,0.3592343458211554,1.1424899677440805,4.001913525650854,5.7887015537883e-05,-0.0007227017222479759,2.8420383310685224,0.2508687057009001,-0.0013799707785403946,-0.0002687324811525528,0.00014982181335908184,3.3025576992444535e-05,0.20936301587116976,0.3576664956525079,1.1454582829102309,4.0,0.0,0.0,2.838937829015426,0.0038640172739521686,0.18243907369589812
35.2,0.3352280670107408,1.1497736644994585,4.0019047952985245,5.773839205680531e-05,-0.0007206144359788169,2.862974648429855,0.2508709692881447,-0.0013768055370527955,-0.00026781155550615785,0.00014938889169558236,3.2933261616485174e-05,0.209363204284135,0.33359938515994153,1.1526974669100774,4.0,0.0,0.0,2.8598817800393586,0.003850905119156352,0.18198588179570757
35.300000000000004,0.31107426515705,1.1565529532237533,4.001896104782879,5.7590157532150243e-05,-0.0007185332565948777,2.8839109845724273,0.2508732227268884,-0.0013736446118180195,-0.0002668939849281111,0.0001489571275117695,3.284123205850216e-05,0.20936339215626465,0.3093859469514823,1.1594310397039294,4.0,0.0,0.0,2.880825731063289,0.0038378396915815976,0.1815338191834537
35.4,0.2867835384384403,1.1628248495551492,4.001887453920434,5.7442304207011574e-05,-0.0007164581641943002,2.9048473394414582,0.2508754660688796,-0.0013704880197898386,-0.00026597975152518817,0.00014852660005264416,3.274947183058732e-05,0.20936357947805637,0.2850368018413899,1.1656560477242126,4.0,0.0,0.0,2.90176968208722,0.0038248207949841944,0.18108288252036736
35.5,0.2623665453248186,1.1685865918116074,4.001878842528991,5.7294829229448396e-05,-0.0007143891403935676,2.9257837129840496,0.25087769936180265,-0.0013673357788056824,-0.0002650688382017929,0.0001480973188190355,3.265796988446589e-05,0.20936376629041925,0.2605626301694535,1.1713697604766722,4.0,0.0,0.0,2.922713633111154,0.003811848233429542,0.18063306859765912
35.6,0.237833999899138,1.173835642206965,4.001870270427586,5.7147730106787975e-05,-0.0007123261671582171,2.946720105150556,0.25087992265046394,-0.001364187907220804,-0.0002641612285401497,0.0001476692757479727,3.2566729263745176e-05,0.20936395261488636,0.23597416711624936,1.176569671738054,4.0,0.0,0.0,2.9436575841350847,0.0037989218114458387,0.1801843743936004
35.7,0.21319666715429458,1.178569687968739,4.001861737435843,5.70009950067174e-05,-0.000710269220486559,2.9676565158927755,0.25088213597782255,-0.0013610444233721928,-0.00026325691742088385,0.00014724227724761244,3.247586242400595e-05,0.2093641384590612,0.21128219799432882,1.1812535006554203,4.0,0.0,0.0,2.964601535159019,0.003786041333856573,0.17973679687900465
35.800000000000004,0.18846535826752206,1.182786642357164,4.001853243372461,5.6854588748933566e-05,-0.0007082182641791057,2.98859294516312,0.25088433938567656,-0.0013579053453419275,-0.00026235591367706145,0.0001468160419198152,3.238548556928713e-05,0.20936432382794803,0.18649755351742606,1.1854191927466058,4.0,0.0,0.0,2.9855454861829496,0.0037732066051334237,0.17929033287692814
35.9,0.16365092585438876,1.1864846455849893,4.001844788055857,5.670848495764602e-05,-0.0007061732730182513,3.0095293929145015,0.2508865329151222,-0.0013547706908189979,-0.00026145819694866306,0.00014639104763716903,3.2295249183351865e-05,0.20936450872669765,0.1616311050497509,1.1890649208013817,4.0,0.0,0.0,3.00648943720688,0.00376041742978223,0.17884497938998634
36.0,0.13876425920449553,1.1896620656376184,4.001836371306168,5.6562690959882644e-05,-0.0007041342384499494,3.0304658591003246,0.25088871660684664,-0.0013516404769150594,-0.00026056374657450074,0.00014596744043573678,3.220518423398798e-05,0.20936469316010212,0.13669375983744078,1.1921890856829314,4.0,0.0,0.0,3.0274333882308144,0.003747673613390645,0.17840073370018344
36.1,0.11381627950098676,1.192317498993224,4.001827992945317,5.641721937665878e-05,-0.0007021011475396577,3.051402343674436,0.2508908905011976,-0.0013485147201606855,-0.0002596725425111077,0.0001455451797152189,3.211534009752064e-05,0.20936487713218413,0.11169645622429605,1.1947903170292826,4.0,0.0,0.0,3.048377339254745,0.0037349749626984638,0.17795759306356349
36.2,0.08881793502766502,1.1944497712411424,4.001819652796852,5.627207318781302e-05,-0.0007000739931815048,3.0723388465797807,0.2508930546036631,-0.0013453934073563776,-0.00025878456717144557,0.0001451241114600489,3.202555191080024e-05,0.20936506041502853,0.08665015885384789,1.1968674738543958,4.0,0.0,0.0,3.0693212902786775,0.00372232128744881,0.1775155541923585
36.300000000000004,0.06378019636444239,1.1960579376021028,4.001811350685881,5.6127255477544935e-05,-0.0006980527779667511,3.0932753677702918,0.250895208917567,-0.001342276578248931,-0.00025789980620920824,0.00014470440938870732,3.1935799018331884e-05,0.20936524348232755,0.061565853859911895,1.1984196450486364,4.0,0.0,0.0,3.09026524130261,0.003709712400931534,0.17707461453780318
36.4,0.03871405156797109,1.1971412833486423,4.0018030864388745,5.598277585772138e-05,-0.0006960374905280453,3.1142119072165926,0.25089735350783243,-0.0013391642530539208,-0.0002570182453120149,0.0001442860071004297,3.184638170591465e-05,0.2093654261532658,0.036454544047704575,1.1994461497784192,4.0,0.0,0.0,3.1112091923265406,0.0036971481170365063,0.17663477230857028
36.5,0.013630501344518178,1.1976993241211846,4.00179485988331,5.583863812885781e-05,-0.0006940281052298936,3.135148464875127,0.25089948843414256,-0.001336056446941917,-0.0002561398690982192,0.00014386885606406597,3.175727439983085e-05,0.20936560834981027,0.01132724406764186,1.1999465377848433,4.0,0.0,0.0,3.132153143350473,0.0036846282491362027,0.17619602473104906
36.6,-0.011459445779088407,1.1977318061439903,4.001786670847592,5.569484335010699e-05,-0.0006920245999229024,-3.1271002664807614,0.25090161374883935,-0.001332953173377665,-0.0002552646625702446,0.00014345294077297387,3.166844407655457e-05,0.20936579007886758,-0.013805024416037842,1.1999205895811909,4.0,0.0,0.0,-3.130088212805181,0.0036721526104876406,0.17575836887826152
36.7,-0.03654477828661976,1.1972387063415975,4.001778519161117,5.5551398435937926e-05,-0.000690026961719159,-3.1061636725525115,0.25090372946939593,-0.0013298544755944582,-0.00025439261216680036,0.00014303839055683046,3.157973973113448e-05,0.2093659710527336,-0.038931237559748345,1.199368316549202,4.0,0.0,0.0,-3.1091442617812484,0.003659721014653104,0.17532180119342858
36.800000000000004,-0.061614486506682074,1.1962202323532605,4.001770404654325,5.5408314050708896e-05,-0.0006880351795346407,-3.08522706058593,0.2509058356367174,-0.0013267603733985451,-0.0002535237052231775,0.00014262513259006158,3.149128645857499e-05,0.20936615146914023,-0.06404037417597465,1.198289960934081,4.0,0.0,0.0,-3.088200310757316,0.00364733327546929,0.1748863178338963
36.9,-0.08665756744850765,1.1946768224430728,4.001762327158562,5.5265592215025805e-05,-0.000686049232344832,-3.0642904306265883,0.25090793230400327,-0.0013236708725997035,-0.0002526579284127628,0.0001422130670948192,3.140315114043388e-05,0.2093663315265405,-0.08912142056753215,1.196685995738241,4.0,0.0,0.0,-3.0672563597333853,0.0036349892071295365,0.17445191597200424
37.0,-0.11166302963325961,1.1926091453097891,4.001754286505967,5.5123229259379514e-05,-0.0006840690970513208,-3.043353782709896,0.2509100195202379,-0.0013205859786272788,-0.0002517952682107254,0.00014180217553657628,3.1315308680259184e-05,0.2093665112242116,-0.11416337535854036,1.194557124513828,4.0,0.0,0.0,-3.0463124087094546,0.0036226886245324915,0.17401859331434585
37.1,-0.13661989791953144,1.1900180997964913,4.001746282529483,5.49812215835388e-05,-0.0006820947526167132,-3.0224171168733625,0.25091209733059583,-0.0013175056961047043,-0.00025093571131330473,0.00014139246672910838,3.122774444419814e-05,0.2093666905267727,-0.1391552543199815,1.191904281054121,4.0,0.0,0.0,-3.0253684576855204,0.0036104313435813243,0.17358634747722487
37.2,-0.16151721832184043,1.1869048144993555,4.001738315062866,5.4839566799191886e-05,-0.0006801261789055602,-3.0014804331571585,0.25091416577765996,-0.001314430029121832,-0.0002500792446335658,0.00014098394613628392,3.114045365902317e-05,0.20936686941836144,-0.1640860951877537,1.188728628983939,4.0,0.0,0.0,-3.0044245066615898,0.003598217181353525,0.1731551759420301
37.300000000000004,-0.18634406282000593,1.1832706472755539,4.001730383940684,5.4698263182384466e-05,-0.0006781633561705469,-2.980543731602452,0.25091622490237914,-0.0013113589816314418,-0.0002492258553231599,0.00014057661296014686,3.1053432207514775e-05,0.20936704789475438,-0.18894496247107936,1.1850315612492361,4.0,0.0,0.0,-2.9834805556376573,0.00358604595618074,0.1727250761397426
37.4,-0.21108953415726806,1.179117184650479,4.001722488998297,5.455730921966051e-05,-0.0006762062650409462,-2.9596070122507214,0.2509182747446937,-0.0013082925576147397,-0.00024837553080553316,0.00014017046418459878,3.096667595917111e-05,0.20936722595358476,-0.21372095224917476,1.1808146995061104,4.0,0.0,0.0,-2.9625366046137267,0.0035739174876816817,0.1722960454896962
37.5,-0.23574277062500978,1.1744462411245529,4.00171463007184,5.441670349393135e-05,-0.0006742548865052989,-2.9386702751436906,0.2509203153439098,-0.0013052307611322858,-0.0002475282587848114,0.00013976549677793235,3.0880181255247894e-05,0.20936740359225975,-0.23840319695407225,1.1760798934094903,4.0,0.0,0.0,-2.9415926535897943,0.0035618315967641326,0.17186808140204562
37.6,-0.2602929508319612,1.169259858379921,4.0017068069982,5.42764446875843e-05,-0.0006723092018634524,-2.9177335203233246,0.2509223467389139,-0.0013021735963656754,-0.0002466840272375512,0.00013936170792604703,3.079394488668972e-05,0.20936758080856133,-0.2629808701374864,1.1708292198018164,4.0,0.0,0.0,-2.920648702565862,0.0035497881055992823,0.17144118127801675
37.7,-0.28472929845577877,1.1635603043873821,4.001699019615003,5.413653159047627e-05,-0.0006703691926928101,-2.896796747831778,0.25092436896829007,-0.0012991210676704767,-0.00024584282439353897,0.00013895909478569367,3.070796398609622e-05,0.2093677576009379,-0.2874431912196591,1.1650649818020702,4.0,0.0,0.0,-2.8997047515419294,0.003537786837597824,0.1710153425119811
37.800000000000004,-0.30904108697490584,1.1573500724139405,4.001691267760785,5.3996966243197164e-05,-0.0006684348387673289,-2.8758599577113326,0.2509263820703814,-0.0012960731796250273,-0.0002450046343755772,0.00013855771975689656,3.0622278224113886e-05,0.2093679339684219,-0.31177943021807664,1.158789707795548,4.0,0.0,0.0,-2.878760800517997,0.003525827617463278,0.17059056247156912
37.9,-0.3332176443786299,1.1506318799314166,4.001683551275693,5.385776365507411e-05,-0.0006665061124038196,-2.8549231500043444,0.2509283860833153,-0.001293029937056858,-0.0002441694288894619,0.00013815777209139903,3.053700068232111e-05,0.20936810991047258,-0.3359789124539919,1.1520061503248291,4.0,0.0,0.0,-2.8578168494940663,0.003513910271494241,0.17016683843835337
38.0,-0.3572483578532687,1.1434086674265935,4.0016758700012325,5.371893692895924e-05,-0.0006645829896672062,-2.8339863247532104,0.25093038104503207,-0.0012899913450827934,-0.00024333719669812916,0.00013775898980519967,3.045194327645213e-05,0.20936828542685848,-0.3600310232347001,1.1447172848824179,4.0,0.0,0.0,-2.836872898470134,0.003502034627432444,0.16974416773779952
38.1,-0.38112267844242825,1.1356835971134214,4.001668223779405,5.3580480768200545e-05,-0.0006626654564323431,-2.813049482000337,0.2509323669933269,-0.0012869574092010262,-0.00024250792951869984,0.0001373612841257718,3.0367110725646702e-05,0.20936846051762362,-0.3839252125094809,1.1369263086055972,4.0,0.0,0.0,-2.8159289474462015,0.0034902005140034064,0.16932254780198622
38.2,-0.40483012567928184,1.127460051547846,4.001660612451085,5.344241131943761e-05,-0.0006607534820513017,-2.7921126217881156,0.250934343965792,-0.0012839281352415635,-0.00024168164855772626,0.00013696518209598173,3.02828214555618e-05,0.20936863518302515,-0.4076509994972061,1.128636638874057,4.0,0.0,0.0,-2.7949849964222704,0.00347840776010359,0.1689019758742571
38.300000000000004,-0.4283602921888268,1.118741632145856,4.001653035855655,5.3304754908722884e-05,-0.0006588470380881617,-2.7711757441589056,0.25093631199982197,-0.001280903529308354,-0.00024085834455491516,0.00013657028494140633,3.0198713263798923e-05,0.2093688094234733,-0.4311979772835624,1.1198519118109163,4.0,0.0,0.0,-2.7740410453983384,0.0034666561946074597,0.1684824492391111
38.400000000000006,-0.45170284825810897,1.1095321576054107,4.001645493833257,5.316750535167003e-05,-0.0006569461164893653,-2.7502388491550214,0.25093827113270356,-0.0012778835979158193,-0.0002400380041558061,0.0001361763775373325,3.0114769541107483e-05,0.20936898323951375,-0.45455581738585565,1.1105759806878035,4.0,0.0,0.0,-2.753097094374406,0.0034549456474014233,0.16806396541122845
38.5,-0.47484754637240795,1.0998356622329373,4.001637986225184,5.303064627693033e-05,-0.0006550507069800204,-2.7293019368187155,0.2509402214015354,-0.001274868347935734,-0.00023922061376124306,0.0001357834711109249,3.003103580626124e-05,0.2093691566318155,-0.47771427428343133,1.1008129142346825,4.0,0.0,0.0,-2.7321531433504753,0.003443275949535214,0.16764652186950815
38.6,-0.4977842257141682,1.0896563941745994,4.001630512873797,5.289416134646174e-05,-0.000653160800529129,-2.7083650071834064,0.2509421628260374,-0.00127185776813698,-0.0002384061607824798,0.00013539154106180124,2.9947431772309373e-05,0.2093693297807793,-0.5006631899117038,1.0905669948551704,4.0,0.0,0.0,-2.711209192326543,0.003431646934311078,0.167230116601705
38.7,-0.5205028166239656,1.078998813553429,4.001623073622484,5.2758033798117054e-05,-0.0006512763914550135,-2.687428060272269,0.25094409542979124,-0.001268851847722496,-0.00023759463404308796,0.00013500060337077733,2.986396821683648e-05,0.20936950270045826,-0.5233924981178079,1.0798427167481384,4.0,0.0,0.0,-2.6902652413026105,0.003420058438374596,0.1668147482102961
38.800000000000004,-0.5429933450243953,1.0678675905146278,4.001615668315542,5.2622253680301156e-05,-0.0006493974672072689,-2.6664910961201156,0.2509460192608894,-0.001265850598802193,-0.00023678602231714006,0.0001346107767096123,2.978076351063498e-05,0.20936967514324784,-0.5458922290759536,1.0686447839364053,4.0,0.0,0.0,-2.669321290278678,0.003408510299981271,0.16640041456702956
38.900000000000006,-0.565245936801936,1.0562676031790215,4.0016082967980315,5.248681921266041e-05,-0.0006475240095693557,-2.6455541147763215,0.2509479343645822,-0.0012628540338596613,-0.00023598031392407535,0.00013422209105243643,2.9697805621738686e-05,0.2093698470803398,-0.5681525136605198,1.0569781082033973,4.0,0.0,0.0,-2.648377339254745,0.0033970023572373995,0.1659871126665714
39.0,-0.587250822143129,1.044203935504444,4.001600958915745,5.235172990536441e-05,-0.0006456560016707691,-2.6246171162896186,0.2509498407825573,-0.0012598621659825038,-0.0002351774972887209,0.0001338345364746891,2.9615083403850104e-05,0.20937001854780224,-0.5901635877749765,1.0448478069386793,4.0,0.0,0.0,-2.627433388230815,0.0033855344481779027,0.16557483955840605
39.1,-0.6089983398249866,1.031681875056544,4.001593654515172,5.22169837524622e-05,-0.0006437934266778633,-2.6036801007057058,0.25095173855391173,-0.001256875008664651,-0.00023437756181240895,0.00013344808660907905,2.9532606881044704e-05,0.20937018956742764,-0.611915796634748,1.0322592008932938,4.0,0.0,0.0,-2.606489437206882,0.003374106410937402,0.16516359245986278
39.2,-0.6304789414578408,1.0187069106901003,4.001586383441867,5.2082552772336754e-05,-0.0006419362519642924,-2.5827430680688077,0.25095362771605834,-0.0012538925753287308,-0.0002335805260365433,0.00013306222023846278,2.9450673803923492e-05,0.20937036014685884,-0.6333995990021093,1.0192178118459112,4.0,0.0,0.0,-2.5855454861829497,0.0033627180831184754,0.1647533684416732
39.300000000000004,-0.6516831956787591,1.0052847301418983,4.001579145540969,5.1948394616196936e-05,-0.0006400844427933983,-2.5618060184225695,0.2509555083053601,-0.0012509148790865686,-0.00023278635975507967,0.00013267720784456086,2.93690053572051e-05,0.20937053029045793,-0.6546055713712938,1.0057293601807902,4.0,0.0,0.0,-2.564601535159019,0.0033513693021458004,0.164344164565122
39.400000000000006,-0.6726017922936623,0.9914212175362221,4.001571940659764,5.181449689706241e-05,-0.0006382379833067553,-2.540868951810202,0.2509573803576042,-0.0012479419324974278,-0.00023199503984862928,0.00013229333769206503,2.9287509843878317e-05,0.20937070000270194,-0.6755244121019605,0.9917997623786268,4.0,0.0,0.0,-2.5436575841350866,0.003340059906556428,0.16393597818888037
39.5,-0.6932255463663,0.9771224508040572,4.00156476864713,5.168086880136258e-05,-0.0006363968628275707,-2.5199318682744805,0.25095924390818336,-0.0012449737475098955,-0.00023120655135970287,0.00013191073876066354,2.9206169408091712e-05,0.20937086928784157,-0.6961469454991869,0.9774351284213967,4.0,0.0,0.0,-2.5227136331111564,0.0033287897357836744,0.16352880678539874
39.6,-0.7135454022522729,0.9623946990171586,4.001557629353076,5.154752460168055e-05,-0.0006345610703148985,-2.498994767857789,0.2509610989922058,-0.0012420103354585854,-0.00023042088125736768,0.0001315293782028603,2.9125012422007125e-05,0.20937103814946728,-0.7164641258382473,0.9626417591123066,4.0,0.0,0.0,-2.501769682087224,0.003317558630002267,0.1631226478491941
39.7,-0.733552437576332,0.9472444196381596,4.001550522628568,5.141447429002355e-05,-0.0006327305927631421,-2.478057650602184,0.25096294564456917,-0.001239051707060241,-0.0002296380174626472,0.00013114920405269342,2.9044052966132845e-05,0.20937120659058608,-0.7364670413323544,0.9474261433120622,4.0,0.0,0.0,-2.4808257310632915,0.0033063664300826564,0.16271749886386752
39.800000000000004,-0.753237867151199,0.9316782556879277,4.001543448325419,5.1281723991714045e-05,-0.0006309054163513572,-2.4571205165494425,0.2509647839000128,-0.0012360978723893541,-0.00022885794854532695,0.00013077018751498894,2.8963296789145e-05,0.2093713746137639,-0.7561469180416697,0.9317949550926343,4.0,0.0,0.0,-2.459881780039359,0.003295212977585319,0.16231335731391666
39.900000000000006,-0.7725930468339841,0.9157030328335335,4.0015364062962675,5.1149278829765166e-05,-0.0006290855418753516,-2.4361833657390455,0.25096661373349727,-0.001233148845533081,-0.00022808066577108992,0.00013039233477363905,2.8882446511160222e-05,0.20937154226348903,-0.7754951237218426,0.9157550508097916,4.0,0.0,0.0,-2.4389378290154267,0.0032840981166991335,0.1619102209976456
40.0,-0.791609477323303,0.89932575639349,4.001529396394646,5.1017142252085534e-05,-0.0006272709694914447,-2.4152461982121056,0.25096843518878015,-0.0012302046298216542,-0.00022730616144866442,0.00013001560428637496,2.880182846144172e-05,0.20937170945798067,-0.7945031716103961,0.8993134660956776,4.0,0.0,0.0,-2.417993877991496,0.003273021694173531,0.1615080876120357
